game_id,result,winner,number_of_moves,ended_in_draw,winning_line,move_history
1,Draw,None,9,True,None,"[2, 1, 8, 5, 4, 6, 3, 7, 9]"
2,X Win,X,9,False,"(6, 7, 8)","[7, 1, 2, 3, 5, 6, 9, 4, 8]"
3,O Win,O,8,False,"(2, 4, 6)","[9, 7, 2, 5, 8, 4, 1, 3]"
4,X Win,X,7,False,"(0, 3, 6)","[7, 6, 3, 2, 4, 8, 1]"
5,X Win,X,7,False,"(0, 1, 2)","[2, 8, 1, 5, 6, 7, 3]"
6,X Win,X,7,False,"(6, 7, 8)","[8, 2, 5, 1, 9, 6, 7]"
7,X Win,X,9,False,"(6, 7, 8)","[6, 4, 8, 1, 2, 5, 7, 3, 9]"
8,O Win,O,8,False,"(2, 5, 8)","[2, 8, 4, 6, 5, 3, 7, 9]"
9,O Win,O,6,False,"(2, 5, 8)","[4, 6, 8, 9, 1, 3]"
10,O Win,O,6,False,"(3, 4, 5)","[9, 4, 2, 6, 7, 5]"
11,Draw,None,9,True,None,"[9, 4, 7, 3, 1, 5, 2, 8, 6]"
12,X Win,X,7,False,"(2, 5, 8)","[5, 2, 3, 8, 6, 4, 9]"
13,O Win,O,8,False,"(2, 4, 6)","[8, 7, 6, 4, 2, 5, 1, 3]"
14,Draw,None,9,True,None,"[9, 5, 7, 6, 4, 8, 2, 1, 3]"
15,O Win,O,6,False,"(1, 4, 7)","[9, 8, 1, 2, 3, 5]"
16,X Win,X,7,False,"(2, 4, 6)","[3, 8, 6, 1, 7, 9, 5]"
17,O Win,O,8,False,"(0, 3, 6)","[8, 5, 6, 1, 2, 7, 9, 4]"
18,X Win,X,5,False,"(1, 4, 7)","[2, 6, 5, 3, 8]"
19,X Win,X,7,False,"(6, 7, 8)","[1, 6, 7, 3, 9, 2, 8]"
20,X Win,X,9,False,"(2, 4, 6)","[5, 4, 2, 6, 3, 1, 9, 8, 7]"
21,X Win,X,7,False,"(0, 3, 6)","[1, 3, 5, 6, 4, 2, 7]"
22,O Win,O,8,False,"(2, 5, 8)","[2, 3, 8, 6, 1, 5, 4, 9]"
23,X Win,X,9,False,"(0, 4, 8)","[9, 3, 4, 7, 8, 6, 1, 2, 5]"
24,Draw,None,9,True,None,"[7, 6, 4, 8, 5, 1, 2, 3, 9]"
25,X Win,X,9,False,"(2, 5, 8)","[6, 1, 7, 8, 3, 4, 2, 5, 9]"
26,Draw,None,9,True,None,"[4, 2, 1, 6, 3, 7, 8, 9, 5]"
27,X Win,X,5,False,"(6, 7, 8)","[9, 3, 7, 6, 8]"
28,X Win,X,9,False,"(6, 7, 8)","[8, 4, 9, 5, 6, 2, 1, 3, 7]"
29,O Win,O,6,False,"(1, 4, 7)","[6, 8, 4, 5, 1, 2]"
30,X Win,X,7,False,"(0, 1, 2)","[1, 8, 7, 4, 2, 5, 3]"
31,X Win,X,9,False,"(1, 4, 7)","[4, 9, 2, 6, 3, 7, 5, 1, 8]"
32,X Win,X,7,False,"(0, 3, 6)","[8, 2, 1, 9, 7, 3, 4]"
33,X Win,X,7,False,"(3, 4, 5)","[4, 3, 6, 7, 8, 2, 5]"
34,Draw,None,9,True,None,"[1, 4, 6, 2, 8, 7, 5, 9, 3]"
35,X Win,X,7,False,"(0, 4, 8)","[9, 8, 2, 3, 5, 4, 1]"
36,X Win,X,7,False,"(6, 7, 8)","[9, 1, 7, 4, 2, 3, 8]"
37,O Win,O,6,False,"(2, 4, 6)","[8, 3, 1, 7, 2, 5]"
38,X Win,X,7,False,"(6, 7, 8)","[2, 3, 8, 4, 7, 1, 9]"
39,O Win,O,8,False,"(0, 1, 2)","[4, 1, 7, 2, 8, 6, 5, 3]"
40,O Win,O,8,False,"(6, 7, 8)","[6, 4, 3, 7, 2, 8, 5, 9]"
41,Draw,None,9,True,None,"[2, 1, 6, 8, 9, 3, 4, 5, 7]"
42,X Win,X,7,False,"(0, 1, 2)","[3, 7, 1, 4, 6, 8, 2]"
43,O Win,O,6,False,"(0, 4, 8)","[8, 5, 6, 9, 7, 1]"
44,O Win,O,8,False,"(3, 4, 5)","[9, 5, 7, 1, 3, 6, 2, 4]"
45,X Win,X,7,False,"(6, 7, 8)","[9, 3, 4, 5, 8, 2, 7]"
46,O Win,O,8,False,"(0, 3, 6)","[6, 4, 8, 9, 3, 7, 2, 1]"
47,Draw,None,9,True,None,"[2, 8, 9, 4, 1, 3, 6, 5, 7]"
48,X Win,X,9,False,"(2, 4, 6)","[3, 9, 6, 8, 5, 1, 2, 4, 7]"
49,X Win,X,5,False,"(6, 7, 8)","[9, 1, 8, 4, 7]"
50,X Win,X,5,False,"(0, 4, 8)","[9, 3, 5, 2, 1]"
51,O Win,O,8,False,"(0, 1, 2)","[5, 7, 9, 1, 4, 3, 8, 2]"
52,X Win,X,7,False,"(0, 4, 8)","[2, 7, 9, 6, 5, 3, 1]"
53,X Win,X,7,False,"(2, 4, 6)","[3, 4, 6, 1, 5, 8, 7]"
54,X Win,X,7,False,"(0, 1, 2)","[4, 6, 2, 9, 1, 8, 3]"
55,X Win,X,5,False,"(1, 4, 7)","[8, 4, 2, 6, 5]"
56,X Win,X,9,False,"(2, 4, 6)","[5, 4, 2, 1, 6, 9, 7, 8, 3]"
57,X Win,X,9,False,"(0, 4, 8)","[5, 7, 8, 6, 4, 3, 1, 2, 9]"
58,X Win,X,7,False,"(0, 4, 8)","[3, 6, 1, 2, 9, 8, 5]"
59,O Win,O,6,False,"(6, 7, 8)","[6, 8, 5, 7, 1, 9]"
60,X Win,X,5,False,"(0, 3, 6)","[4, 6, 1, 9, 7]"
61,X Win,X,9,False,"(0, 1, 2)","[1, 5, 4, 7, 2, 8, 9, 6, 3]"
62,X Win,X,7,False,"(2, 4, 6)","[5, 6, 8, 4, 3, 9, 7]"
63,X Win,X,5,False,"(1, 4, 7)","[5, 3, 2, 7, 8]"
64,X Win,X,9,False,"(0, 4, 8)","[3, 6, 5, 8, 1, 7, 4, 2, 9]"
65,O Win,O,8,False,"(0, 4, 8)","[6, 9, 4, 5, 2, 8, 7, 1]"
66,O Win,O,8,False,"(2, 5, 8)","[2, 6, 7, 9, 8, 4, 1, 3]"
67,X Win,X,7,False,"(2, 5, 8)","[5, 4, 9, 2, 3, 1, 6]"
68,X Win,X,7,False,"(3, 4, 5)","[4, 9, 6, 1, 7, 8, 5]"
69,Draw,None,9,True,None,"[4, 8, 5, 6, 2, 3, 9, 1, 7]"
70,O Win,O,8,False,"(2, 5, 8)","[7, 4, 2, 9, 8, 6, 1, 3]"
71,X Win,X,9,False,"(0, 1, 2)","[2, 9, 3, 6, 8, 5, 4, 7, 1]"
72,X Win,X,7,False,"(1, 4, 7)","[3, 9, 5, 4, 2, 7, 8]"
73,X Win,X,7,False,"(0, 1, 2)","[8, 4, 3, 6, 1, 7, 2]"
74,X Win,X,7,False,"(0, 1, 2)","[5, 7, 3, 8, 1, 4, 2]"
75,X Win,X,9,False,"(3, 4, 5)","[4, 8, 7, 2, 3, 1, 6, 9, 5]"
76,X Win,X,9,False,"(3, 4, 5)","[9, 8, 4, 1, 3, 7, 5, 2, 6]"
77,O Win,O,6,False,"(0, 4, 8)","[8, 1, 4, 5, 7, 9]"
78,X Win,X,7,False,"(2, 5, 8)","[9, 4, 5, 2, 6, 8, 3]"
79,X Win,X,7,False,"(3, 4, 5)","[1, 8, 4, 9, 6, 3, 5]"
80,X Win,X,5,False,"(2, 5, 8)","[3, 1, 6, 8, 9]"
81,O Win,O,6,False,"(2, 5, 8)","[1, 3, 8, 6, 4, 9]"
82,O Win,O,6,False,"(0, 3, 6)","[3, 1, 5, 7, 6, 4]"
83,O Win,O,8,False,"(0, 4, 8)","[8, 6, 3, 5, 4, 9, 2, 1]"
84,O Win,O,8,False,"(3, 4, 5)","[8, 1, 7, 6, 2, 5, 3, 4]"
85,O Win,O,8,False,"(1, 4, 7)","[1, 2, 4, 5, 3, 7, 6, 8]"
86,O Win,O,8,False,"(0, 1, 2)","[8, 2, 6, 3, 7, 5, 4, 1]"
87,Draw,None,9,True,None,"[2, 4, 5, 1, 9, 3, 7, 8, 6]"
88,X Win,X,9,False,"(2, 4, 6)","[4, 2, 7, 9, 3, 1, 8, 6, 5]"
89,O Win,O,8,False,"(1, 4, 7)","[1, 7, 6, 5, 4, 2, 9, 8]"
90,X Win,X,9,False,"(0, 1, 2)","[1, 8, 9, 5, 2, 7, 4, 6, 3]"
91,O Win,O,6,False,"(2, 5, 8)","[7, 3, 8, 6, 4, 9]"
92,X Win,X,7,False,"(1, 4, 7)","[8, 7, 9, 6, 5, 3, 2]"
93,Draw,None,9,True,None,"[4, 2, 5, 7, 3, 9, 8, 6, 1]"
94,X Win,X,7,False,"(0, 1, 2)","[1, 9, 8, 4, 3, 7, 2]"
95,X Win,X,5,False,"(2, 5, 8)","[6, 5, 3, 4, 9]"
96,Draw,None,9,True,None,"[5, 1, 7, 3, 2, 6, 9, 8, 4]"
97,O Win,O,8,False,"(1, 4, 7)","[9, 4, 7, 5, 6, 8, 1, 2]"
98,X Win,X,7,False,"(1, 4, 7)","[5, 4, 6, 9, 2, 7, 8]"
99,O Win,O,6,False,"(6, 7, 8)","[6, 9, 5, 7, 3, 8]"
100,X Win,X,9,False,"(0, 1, 2)","[9, 6, 3, 8, 5, 4, 2, 7, 1]"
101,Draw,None,9,True,None,"[2, 5, 4, 1, 9, 6, 3, 7, 8]"
102,X Win,X,9,False,"(6, 7, 8)","[5, 6, 1, 3, 7, 4, 8, 2, 9]"
103,X Win,X,7,False,"(0, 4, 8)","[1, 4, 5, 2, 3, 8, 9]"
104,Draw,None,9,True,None,"[3, 9, 1, 2, 8, 6, 5, 7, 4]"
105,X Win,X,9,False,"(0, 3, 6)","[6, 3, 1, 5, 8, 2, 4, 9, 7]"
106,Draw,None,9,True,None,"[2, 1, 4, 5, 9, 7, 3, 6, 8]"
107,X Win,X,9,False,"(0, 4, 8)","[9, 7, 5, 6, 8, 2, 4, 3, 1]"
108,X Win,X,7,False,"(6, 7, 8)","[8, 5, 9, 6, 4, 3, 7]"
109,X Win,X,5,False,"(0, 4, 8)","[1, 3, 9, 4, 5]"
110,X Win,X,7,False,"(2, 4, 6)","[5, 2, 3, 4, 6, 1, 7]"
111,X Win,X,7,False,"(2, 4, 6)","[1, 8, 5, 9, 7, 6, 3]"
112,X Win,X,9,False,"(0, 3, 6)","[1, 5, 4, 9, 6, 8, 2, 3, 7]"
113,O Win,O,8,False,"(1, 4, 7)","[4, 8, 1, 7, 3, 5, 6, 2]"
114,X Win,X,9,False,"(1, 4, 7)","[2, 1, 4, 6, 9, 7, 5, 3, 8]"
115,Draw,None,9,True,None,"[5, 8, 3, 7, 9, 6, 2, 1, 4]"
116,X Win,X,7,False,"(0, 3, 6)","[7, 6, 5, 3, 1, 2, 4]"
117,X Win,X,5,False,"(0, 3, 6)","[1, 6, 7, 2, 4]"
118,X Win,X,7,False,"(2, 4, 6)","[8, 9, 3, 2, 7, 6, 5]"
119,X Win,X,7,False,"(2, 4, 6)","[8, 2, 5, 4, 7, 6, 3]"
120,X Win,X,5,False,"(1, 4, 7)","[2, 4, 5, 7, 8]"
121,X Win,X,5,False,"(0, 4, 8)","[5, 8, 9, 6, 1]"
122,O Win,O,8,False,"(0, 1, 2)","[8, 2, 4, 5, 6, 1, 7, 3]"
123,Draw,None,9,True,None,"[9, 8, 4, 1, 3, 6, 7, 5, 2]"
124,O Win,O,8,False,"(6, 7, 8)","[1, 5, 4, 8, 3, 7, 6, 9]"
125,O Win,O,8,False,"(2, 4, 6)","[2, 1, 8, 7, 4, 5, 6, 3]"
126,O Win,O,8,False,"(2, 4, 6)","[9, 7, 1, 3, 2, 8, 4, 5]"
127,X Win,X,9,False,"(0, 1, 2)","[8, 5, 6, 9, 3, 7, 2, 4, 1]"
128,X Win,X,7,False,"(0, 4, 8)","[8, 3, 5, 2, 9, 4, 1]"
129,X Win,X,7,False,"(3, 4, 5)","[5, 8, 3, 7, 4, 1, 6]"
130,Draw,None,9,True,None,"[5, 9, 8, 2, 6, 7, 3, 4, 1]"
131,Draw,None,9,True,None,"[8, 6, 9, 2, 3, 7, 1, 5, 4]"
132,X Win,X,7,False,"(2, 4, 6)","[6, 9, 7, 4, 5, 2, 3]"
133,X Win,X,9,False,"(0, 4, 8)","[1, 4, 7, 8, 5, 2, 6, 3, 9]"
134,X Win,X,9,False,"(2, 4, 6)","[1, 4, 6, 9, 3, 2, 7, 8, 5]"
135,X Win,X,5,False,"(6, 7, 8)","[7, 2, 9, 4, 8]"
136,X Win,X,9,False,"(2, 4, 6)","[7, 6, 8, 9, 4, 1, 5, 2, 3]"
137,X Win,X,7,False,"(6, 7, 8)","[5, 4, 8, 1, 7, 2, 9]"
138,O Win,O,8,False,"(6, 7, 8)","[2, 9, 3, 8, 5, 1, 4, 7]"
139,O Win,O,8,False,"(2, 5, 8)","[1, 6, 4, 5, 8, 3, 2, 9]"
140,X Win,X,9,False,"(2, 5, 8)","[3, 4, 2, 1, 9, 8, 7, 5, 6]"
141,O Win,O,8,False,"(0, 4, 8)","[3, 5, 6, 9, 4, 8, 2, 1]"
142,O Win,O,8,False,"(0, 4, 8)","[8, 5, 7, 6, 2, 1, 4, 9]"
143,Draw,None,9,True,None,"[5, 8, 7, 3, 6, 4, 1, 9, 2]"
144,O Win,O,8,False,"(2, 4, 6)","[2, 5, 6, 8, 4, 7, 9, 3]"
145,X Win,X,7,False,"(0, 3, 6)","[1, 8, 4, 2, 9, 3, 7]"
146,X Win,X,5,False,"(6, 7, 8)","[8, 5, 9, 2, 7]"
147,X Win,X,7,False,"(6, 7, 8)","[6, 4, 8, 2, 9, 5, 7]"
148,X Win,X,9,False,"(2, 4, 6)","[3, 2, 8, 9, 1, 6, 5, 4, 7]"
149,X Win,X,9,False,"(0, 4, 8)","[3, 2, 5, 6, 8, 4, 1, 7, 9]"
150,Draw,None,9,True,None,"[9, 5, 8, 2, 4, 7, 3, 6, 1]"
151,X Win,X,9,False,"(2, 4, 6)","[8, 2, 3, 4, 7, 6, 1, 9, 5]"
152,Draw,None,9,True,None,"[5, 2, 6, 4, 7, 9, 8, 3, 1]"
153,Draw,None,9,True,None,"[4, 9, 1, 7, 8, 5, 6, 2, 3]"
154,O Win,O,8,False,"(3, 4, 5)","[8, 5, 7, 4, 1, 3, 2, 6]"
155,X Win,X,7,False,"(0, 3, 6)","[5, 9, 1, 2, 4, 6, 7]"
156,X Win,X,7,False,"(2, 4, 6)","[8, 6, 7, 9, 5, 4, 3]"
157,X Win,X,9,False,"(3, 4, 5)","[3, 8, 7, 1, 6, 9, 4, 2, 5]"
158,X Win,X,5,False,"(3, 4, 5)","[4, 9, 5, 2, 6]"
159,X Win,X,7,False,"(3, 4, 5)","[2, 7, 6, 9, 4, 1, 5]"
160,X Win,X,7,False,"(0, 4, 8)","[5, 4, 1, 7, 2, 6, 9]"
161,X Win,X,9,False,"(6, 7, 8)","[1, 2, 9, 5, 4, 6, 8, 3, 7]"
162,X Win,X,5,False,"(2, 5, 8)","[9, 4, 6, 2, 3]"
163,O Win,O,6,False,"(2, 4, 6)","[6, 3, 9, 7, 1, 5]"
164,O Win,O,8,False,"(3, 4, 5)","[3, 4, 7, 5, 2, 1, 9, 6]"
165,O Win,O,6,False,"(0, 3, 6)","[3, 1, 5, 4, 9, 7]"
166,Draw,None,9,True,None,"[1, 4, 5, 2, 6, 9, 8, 3, 7]"
167,O Win,O,8,False,"(0, 1, 2)","[8, 9, 7, 3, 6, 1, 4, 2]"
168,O Win,O,6,False,"(2, 5, 8)","[1, 6, 5, 9, 2, 3]"
169,O Win,O,8,False,"(2, 5, 8)","[8, 7, 4, 9, 1, 6, 5, 3]"
170,X Win,X,7,False,"(3, 4, 5)","[2, 3, 5, 8, 4, 1, 6]"
171,X Win,X,9,False,"(0, 4, 8)","[5, 7, 4, 8, 9, 3, 2, 6, 1]"
172,O Win,O,8,False,"(6, 7, 8)","[2, 5, 6, 7, 3, 9, 4, 8]"
173,O Win,O,8,False,"(0, 4, 8)","[7, 8, 6, 1, 4, 9, 3, 5]"
174,O Win,O,8,False,"(2, 4, 6)","[6, 3, 8, 5, 1, 2, 4, 7]"
175,O Win,O,8,False,"(0, 1, 2)","[7, 2, 8, 9, 4, 3, 6, 1]"
176,X Win,X,7,False,"(6, 7, 8)","[9, 6, 7, 1, 5, 4, 8]"
177,Draw,None,9,True,None,"[7, 1, 4, 8, 5, 6, 2, 3, 9]"
178,X Win,X,7,False,"(1, 4, 7)","[8, 4, 9, 1, 5, 6, 2]"
179,X Win,X,7,False,"(6, 7, 8)","[5, 4, 9, 6, 8, 1, 7]"
180,X Win,X,5,False,"(2, 4, 6)","[5, 1, 3, 6, 7]"
181,O Win,O,8,False,"(2, 4, 6)","[6, 7, 1, 3, 4, 9, 2, 5]"
182,O Win,O,8,False,"(2, 5, 8)","[1, 3, 8, 7, 4, 9, 5, 6]"
183,Draw,None,9,True,None,"[6, 3, 4, 5, 7, 1, 2, 8, 9]"
184,X Win,X,9,False,"(1, 4, 7)","[1, 3, 5, 7, 8, 9, 6, 4, 2]"
185,X Win,X,5,False,"(0, 4, 8)","[5, 4, 9, 7, 1]"
186,X Win,X,7,False,"(0, 4, 8)","[6, 8, 1, 4, 9, 7, 5]"
187,Draw,None,9,True,None,"[5, 1, 3, 7, 9, 2, 4, 6, 8]"
188,O Win,O,6,False,"(2, 4, 6)","[4, 3, 9, 5, 6, 7]"
189,X Win,X,9,False,"(2, 4, 6)","[2, 1, 6, 9, 7, 4, 3, 8, 5]"
190,X Win,X,7,False,"(0, 1, 2)","[9, 6, 1, 5, 2, 8, 3]"
191,X Win,X,5,False,"(6, 7, 8)","[8, 2, 9, 4, 7]"
192,X Win,X,7,False,"(0, 3, 6)","[7, 8, 6, 9, 4, 3, 1]"
193,Draw,None,9,True,None,"[7, 1, 4, 3, 9, 8, 6, 5, 2]"
194,X Win,X,7,False,"(2, 4, 6)","[7, 2, 3, 6, 9, 8, 5]"
195,Draw,None,9,True,None,"[2, 8, 9, 4, 5, 3, 6, 1, 7]"
196,X Win,X,5,False,"(2, 5, 8)","[9, 2, 6, 7, 3]"
197,X Win,X,9,False,"(1, 4, 7)","[6, 7, 8, 9, 2, 3, 1, 4, 5]"
198,X Win,X,5,False,"(0, 3, 6)","[4, 3, 7, 2, 1]"
199,Draw,None,9,True,None,"[3, 9, 5, 7, 8, 6, 4, 2, 1]"
200,X Win,X,7,False,"(0, 3, 6)","[3, 9, 1, 6, 7, 5, 4]"
201,X Win,X,7,False,"(3, 4, 5)","[1, 7, 6, 2, 5, 9, 4]"
202,X Win,X,7,False,"(0, 4, 8)","[1, 2, 5, 6, 3, 4, 9]"
203,Draw,None,9,True,None,"[9, 7, 4, 6, 8, 1, 3, 2, 5]"
204,X Win,X,9,False,"(1, 4, 7)","[8, 3, 1, 6, 2, 7, 9, 4, 5]"
205,X Win,X,7,False,"(0, 3, 6)","[1, 5, 8, 6, 7, 3, 4]"
206,X Win,X,7,False,"(2, 5, 8)","[6, 5, 4, 7, 3, 1, 9]"
207,X Win,X,7,False,"(3, 4, 5)","[6, 2, 4, 1, 9, 8, 5]"
208,Draw,None,9,True,None,"[5, 3, 4, 1, 9, 6, 7, 8, 2]"
209,X Win,X,5,False,"(2, 4, 6)","[3, 2, 5, 8, 7]"
210,X Win,X,9,False,"(1, 4, 7)","[6, 3, 8, 9, 7, 1, 5, 4, 2]"
211,X Win,X,7,False,"(3, 4, 5)","[1, 7, 4, 3, 5, 8, 6]"
212,O Win,O,8,False,"(2, 4, 6)","[4, 5, 2, 3, 1, 8, 6, 7]"
213,Draw,None,9,True,None,"[6, 3, 7, 5, 2, 4, 1, 8, 9]"
214,O Win,O,6,False,"(6, 7, 8)","[1, 8, 4, 9, 3, 7]"
215,X Win,X,9,False,"(1, 4, 7)","[5, 9, 2, 7, 3, 6, 4, 1, 8]"
216,O Win,O,6,False,"(2, 5, 8)","[8, 9, 7, 3, 5, 6]"
217,X Win,X,7,False,"(0, 1, 2)","[3, 5, 9, 7, 2, 6, 1]"
218,O Win,O,8,False,"(0, 1, 2)","[8, 6, 5, 1, 9, 2, 4, 3]"
219,X Win,X,7,False,"(0, 1, 2)","[3, 6, 5, 8, 2, 9, 1]"
220,X Win,X,9,False,"(3, 4, 5)","[4, 9, 3, 1, 7, 2, 6, 8, 5]"
221,X Win,X,5,False,"(0, 3, 6)","[7, 2, 4, 3, 1]"
222,O Win,O,8,False,"(1, 4, 7)","[6, 2, 9, 8, 4, 3, 1, 5]"
223,X Win,X,7,False,"(3, 4, 5)","[5, 9, 7, 2, 6, 8, 4]"
224,X Win,X,7,False,"(0, 4, 8)","[1, 3, 2, 6, 5, 7, 9]"
225,X Win,X,7,False,"(0, 1, 2)","[9, 7, 1, 4, 3, 6, 2]"
226,O Win,O,8,False,"(2, 4, 6)","[1, 5, 6, 9, 8, 7, 2, 3]"
227,X Win,X,5,False,"(6, 7, 8)","[8, 1, 7, 6, 9]"
228,O Win,O,8,False,"(6, 7, 8)","[4, 3, 5, 7, 1, 8, 2, 9]"
229,Draw,None,9,True,None,"[3, 2, 7, 5, 1, 4, 8, 9, 6]"
230,X Win,X,7,False,"(0, 1, 2)","[7, 6, 3, 9, 1, 5, 2]"
231,Draw,None,9,True,None,"[6, 4, 8, 9, 1, 5, 2, 3, 7]"
232,O Win,O,8,False,"(2, 4, 6)","[9, 6, 8, 7, 2, 5, 4, 3]"
233,Draw,None,9,True,None,"[3, 4, 1, 9, 7, 2, 6, 5, 8]"
234,Draw,None,9,True,None,"[4, 1, 5, 6, 9, 8, 7, 3, 2]"
235,X Win,X,7,False,"(0, 3, 6)","[1, 5, 4, 6, 2, 8, 7]"
236,X Win,X,5,False,"(1, 4, 7)","[2, 7, 5, 6, 8]"
237,O Win,O,6,False,"(3, 4, 5)","[7, 6, 2, 5, 8, 4]"
238,O Win,O,8,False,"(0, 1, 2)","[9, 5, 8, 1, 6, 2, 4, 3]"
239,Draw,None,9,True,None,"[9, 5, 3, 1, 2, 7, 8, 6, 4]"
240,X Win,X,5,False,"(1, 4, 7)","[8, 7, 2, 9, 5]"
241,O Win,O,6,False,"(6, 7, 8)","[6, 9, 1, 8, 4, 7]"
242,X Win,X,7,False,"(1, 4, 7)","[5, 1, 2, 9, 7, 6, 8]"
243,X Win,X,7,False,"(2, 4, 6)","[3, 1, 4, 8, 7, 2, 5]"
244,Draw,None,9,True,None,"[2, 5, 9, 8, 4, 6, 3, 1, 7]"
245,O Win,O,6,False,"(3, 4, 5)","[8, 6, 3, 5, 1, 4]"
246,X Win,X,7,False,"(0, 4, 8)","[9, 6, 4, 3, 5, 2, 1]"
247,X Win,X,9,False,"(2, 4, 6)","[1, 4, 6, 8, 7, 2, 5, 9, 3]"
248,Draw,None,9,True,None,"[4, 6, 8, 5, 2, 1, 3, 7, 9]"
249,X Win,X,7,False,"(2, 4, 6)","[3, 9, 1, 8, 5, 6, 7]"
250,Draw,None,9,True,None,"[2, 6, 4, 3, 5, 8, 9, 1, 7]"
251,X Win,X,9,False,"(0, 4, 8)","[4, 3, 2, 7, 1, 8, 9, 6, 5]"
252,X Win,X,9,False,"(3, 4, 5)","[9, 3, 6, 1, 2, 7, 5, 8, 4]"
253,O Win,O,8,False,"(1, 4, 7)","[7, 2, 3, 5, 1, 9, 6, 8]"
254,X Win,X,7,False,"(2, 4, 6)","[3, 4, 9, 2, 7, 1, 5]"
255,O Win,O,8,False,"(0, 1, 2)","[9, 3, 4, 2, 5, 7, 8, 1]"
256,O Win,O,8,False,"(2, 4, 6)","[6, 5, 9, 1, 4, 3, 8, 7]"
257,X Win,X,9,False,"(0, 4, 8)","[3, 6, 7, 8, 1, 4, 9, 2, 5]"
258,X Win,X,5,False,"(2, 5, 8)","[6, 1, 9, 2, 3]"
259,X Win,X,7,False,"(0, 4, 8)","[1, 6, 8, 3, 9, 7, 5]"
260,X Win,X,5,False,"(0, 3, 6)","[1, 9, 7, 6, 4]"
261,X Win,X,9,False,"(2, 4, 6)","[5, 9, 2, 8, 6, 4, 3, 1, 7]"
262,X Win,X,5,False,"(2, 4, 6)","[3, 9, 5, 6, 7]"
263,X Win,X,5,False,"(3, 4, 5)","[4, 7, 6, 2, 5]"
264,X Win,X,5,False,"(3, 4, 5)","[6, 7, 4, 2, 5]"
265,O Win,O,6,False,"(0, 1, 2)","[9, 2, 4, 3, 7, 1]"
266,Draw,None,9,True,None,"[5, 9, 2, 3, 1, 4, 7, 8, 6]"
267,X Win,X,9,False,"(6, 7, 8)","[4, 3, 9, 5, 8, 6, 1, 2, 7]"
268,X Win,X,9,False,"(3, 4, 5)","[9, 8, 4, 3, 6, 1, 2, 7, 5]"
269,X Win,X,5,False,"(0, 3, 6)","[4, 5, 7, 3, 1]"
270,X Win,X,7,False,"(0, 4, 8)","[1, 6, 5, 8, 7, 4, 9]"
271,Draw,None,9,True,None,"[1, 3, 6, 4, 7, 8, 5, 9, 2]"
272,X Win,X,7,False,"(2, 5, 8)","[7, 1, 6, 8, 3, 5, 9]"
273,X Win,X,9,False,"(2, 5, 8)","[5, 2, 6, 8, 7, 4, 9, 1, 3]"
274,X Win,X,9,False,"(0, 3, 6)","[2, 8, 4, 5, 9, 6, 1, 3, 7]"
275,X Win,X,9,False,"(3, 4, 5)","[9, 1, 2, 3, 5, 7, 6, 8, 4]"
276,X Win,X,7,False,"(3, 4, 5)","[9, 3, 4, 7, 5, 2, 6]"
277,X Win,X,7,False,"(2, 5, 8)","[5, 7, 6, 8, 9, 4, 3]"
278,X Win,X,9,False,"(2, 4, 6)","[5, 9, 8, 1, 4, 6, 7, 2, 3]"
279,O Win,O,8,False,"(0, 1, 2)","[5, 1, 7, 6, 4, 3, 9, 2]"
280,X Win,X,9,False,"(0, 3, 6)","[8, 3, 6, 9, 7, 5, 1, 2, 4]"
281,X Win,X,7,False,"(0, 1, 2)","[2, 5, 1, 7, 6, 9, 3]"
282,X Win,X,7,False,"(2, 4, 6)","[7, 4, 5, 8, 9, 6, 3]"
283,X Win,X,7,False,"(6, 7, 8)","[1, 4, 7, 3, 9, 6, 8]"
284,X Win,X,7,False,"(2, 5, 8)","[8, 7, 3, 2, 6, 5, 9]"
285,Draw,None,9,True,None,"[6, 5, 7, 4, 2, 3, 8, 9, 1]"
286,X Win,X,7,False,"(2, 4, 6)","[5, 6, 8, 2, 7, 4, 3]"
287,X Win,X,5,False,"(2, 5, 8)","[6, 5, 3, 1, 9]"
288,X Win,X,9,False,"(0, 4, 8)","[9, 7, 4, 3, 2, 6, 1, 8, 5]"
289,X Win,X,9,False,"(3, 4, 5)","[6, 9, 7, 3, 5, 2, 1, 8, 4]"
290,Draw,None,9,True,None,"[3, 2, 7, 9, 8, 4, 1, 5, 6]"
291,O Win,O,8,False,"(0, 4, 8)","[4, 1, 2, 7, 6, 9, 3, 5]"
292,X Win,X,9,False,"(2, 4, 6)","[1, 4, 6, 9, 7, 8, 5, 2, 3]"
293,X Win,X,9,False,"(6, 7, 8)","[6, 5, 8, 1, 2, 4, 9, 3, 7]"
294,X Win,X,7,False,"(6, 7, 8)","[7, 3, 1, 6, 8, 4, 9]"
295,Draw,None,9,True,None,"[5, 1, 2, 6, 9, 3, 7, 8, 4]"
296,X Win,X,7,False,"(0, 4, 8)","[9, 8, 2, 6, 5, 4, 1]"
297,O Win,O,8,False,"(0, 4, 8)","[2, 7, 3, 9, 6, 5, 8, 1]"
298,X Win,X,9,False,"(1, 4, 7)","[1, 7, 9, 4, 8, 3, 2, 6, 5]"
299,O Win,O,6,False,"(3, 4, 5)","[9, 6, 1, 5, 2, 4]"
300,Draw,None,9,True,None,"[3, 9, 4, 2, 1, 7, 6, 5, 8]"
301,Draw,None,9,True,None,"[5, 7, 3, 8, 9, 1, 4, 6, 2]"
302,O Win,O,8,False,"(2, 4, 6)","[1, 3, 6, 5, 4, 9, 8, 7]"
303,X Win,X,7,False,"(0, 1, 2)","[2, 6, 4, 8, 3, 5, 1]"
304,X Win,X,7,False,"(1, 4, 7)","[8, 3, 5, 9, 7, 4, 2]"
305,Draw,None,9,True,None,"[9, 8, 7, 5, 2, 3, 6, 1, 4]"
306,X Win,X,9,False,"(1, 4, 7)","[9, 6, 1, 7, 2, 3, 8, 4, 5]"
307,Draw,None,9,True,None,"[3, 7, 9, 6, 5, 1, 8, 2, 4]"
308,O Win,O,8,False,"(0, 4, 8)","[2, 9, 8, 1, 6, 4, 7, 5]"
309,O Win,O,8,False,"(0, 4, 8)","[8, 1, 6, 5, 4, 2, 7, 9]"
310,Draw,None,9,True,None,"[1, 5, 7, 2, 3, 9, 6, 4, 8]"
311,X Win,X,7,False,"(0, 1, 2)","[2, 9, 1, 5, 7, 4, 3]"
312,X Win,X,7,False,"(0, 3, 6)","[7, 6, 4, 5, 8, 9, 1]"
313,X Win,X,7,False,"(6, 7, 8)","[9, 3, 7, 4, 1, 5, 8]"
314,Draw,None,9,True,None,"[7, 3, 8, 2, 1, 4, 6, 9, 5]"
315,Draw,None,9,True,None,"[9, 7, 8, 2, 3, 6, 4, 1, 5]"
316,X Win,X,5,False,"(0, 3, 6)","[4, 2, 1, 9, 7]"
317,Draw,None,9,True,None,"[1, 5, 3, 2, 4, 6, 8, 7, 9]"
318,X Win,X,5,False,"(0, 4, 8)","[1, 8, 5, 3, 9]"
319,X Win,X,7,False,"(2, 5, 8)","[4, 1, 3, 8, 6, 5, 9]"
320,X Win,X,9,False,"(0, 1, 2)","[6, 7, 2, 4, 3, 5, 8, 9, 1]"
321,X Win,X,9,False,"(0, 1, 2)","[1, 4, 8, 9, 6, 7, 2, 5, 3]"
322,X Win,X,7,False,"(2, 4, 6)","[9, 6, 7, 4, 5, 2, 3]"
323,X Win,X,7,False,"(0, 4, 8)","[7, 3, 9, 6, 5, 2, 1]"
324,X Win,X,5,False,"(0, 4, 8)","[5, 3, 9, 6, 1]"
325,Draw,None,9,True,None,"[9, 7, 4, 6, 8, 2, 3, 1, 5]"
326,O Win,O,8,False,"(2, 4, 6)","[4, 7, 8, 1, 6, 5, 2, 3]"
327,X Win,X,9,False,"(2, 4, 6)","[1, 6, 5, 9, 8, 2, 3, 4, 7]"
328,X Win,X,7,False,"(1, 4, 7)","[8, 4, 9, 3, 5, 1, 2]"
329,X Win,X,9,False,"(6, 7, 8)","[4, 2, 8, 6, 3, 5, 7, 1, 9]"
330,O Win,O,8,False,"(6, 7, 8)","[5, 8, 4, 7, 3, 6, 2, 9]"
331,X Win,X,9,False,"(2, 5, 8)","[9, 8, 4, 1, 6, 5, 2, 7, 3]"
332,O Win,O,6,False,"(0, 1, 2)","[7, 1, 6, 3, 4, 2]"
333,O Win,O,8,False,"(6, 7, 8)","[5, 8, 3, 2, 4, 7, 1, 9]"
334,O Win,O,8,False,"(6, 7, 8)","[4, 9, 6, 8, 3, 5, 2, 7]"
335,X Win,X,7,False,"(6, 7, 8)","[8, 3, 7, 4, 2, 5, 9]"
336,X Win,X,9,False,"(0, 3, 6)","[9, 8, 2, 6, 1, 3, 4, 5, 7]"
337,Draw,None,9,True,None,"[7, 3, 9, 8, 2, 1, 6, 4, 5]"
338,O Win,O,8,False,"(0, 4, 8)","[4, 9, 3, 1, 8, 7, 6, 5]"
339,X Win,X,7,False,"(0, 3, 6)","[1, 2, 7, 8, 6, 3, 4]"
340,Draw,None,9,True,None,"[9, 5, 6, 3, 1, 8, 2, 4, 7]"
341,X Win,X,7,False,"(1, 4, 7)","[9, 3, 2, 4, 8, 6, 5]"
342,X Win,X,9,False,"(2, 4, 6)","[5, 8, 1, 4, 7, 9, 6, 2, 3]"
343,X Win,X,9,False,"(3, 4, 5)","[5, 2, 8, 9, 1, 3, 6, 7, 4]"
344,X Win,X,7,False,"(0, 1, 2)","[9, 8, 1, 7, 2, 4, 3]"
345,O Win,O,8,False,"(0, 1, 2)","[8, 7, 6, 3, 9, 1, 5, 2]"
346,Draw,None,9,True,None,"[4, 5, 9, 8, 7, 6, 2, 1, 3]"
347,O Win,O,8,False,"(0, 3, 6)","[5, 1, 3, 6, 2, 7, 9, 4]"
348,X Win,X,7,False,"(6, 7, 8)","[7, 2, 4, 3, 9, 5, 8]"
349,O Win,O,8,False,"(0, 4, 8)","[7, 6, 4, 9, 2, 1, 8, 5]"
350,X Win,X,9,False,"(0, 4, 8)","[1, 3, 6, 4, 2, 8, 9, 7, 5]"
351,X Win,X,7,False,"(0, 3, 6)","[1, 6, 9, 5, 7, 3, 4]"
352,Draw,None,9,True,None,"[9, 7, 4, 2, 8, 6, 1, 5, 3]"
353,X Win,X,5,False,"(1, 4, 7)","[2, 3, 5, 4, 8]"
354,O Win,O,6,False,"(1, 4, 7)","[3, 8, 4, 5, 1, 2]"
355,X Win,X,7,False,"(2, 4, 6)","[1, 6, 5, 4, 7, 2, 3]"
356,X Win,X,9,False,"(0, 4, 8)","[2, 4, 6, 7, 9, 8, 1, 3, 5]"
357,X Win,X,7,False,"(0, 3, 6)","[6, 2, 7, 8, 4, 9, 1]"
358,O Win,O,8,False,"(0, 1, 2)","[5, 8, 4, 1, 9, 3, 7, 2]"
359,Draw,None,9,True,None,"[7, 3, 2, 5, 6, 8, 4, 1, 9]"
360,O Win,O,8,False,"(6, 7, 8)","[3, 8, 4, 6, 5, 9, 1, 7]"
361,X Win,X,9,False,"(2, 4, 6)","[5, 4, 8, 9, 6, 2, 3, 1, 7]"
362,X Win,X,7,False,"(2, 5, 8)","[5, 1, 6, 4, 9, 8, 3]"
363,X Win,X,9,False,"(0, 3, 6)","[8, 6, 4, 9, 7, 2, 3, 5, 1]"
364,O Win,O,8,False,"(2, 4, 6)","[8, 6, 2, 5, 4, 7, 9, 3]"
365,X Win,X,9,False,"(0, 4, 8)","[4, 7, 5, 3, 8, 6, 1, 2, 9]"
366,O Win,O,8,False,"(1, 4, 7)","[9, 1, 7, 5, 3, 8, 4, 2]"
367,X Win,X,9,False,"(3, 4, 5)","[7, 9, 2, 8, 4, 3, 5, 1, 6]"
368,X Win,X,7,False,"(3, 4, 5)","[7, 2, 5, 8, 6, 9, 4]"
369,Draw,None,9,True,None,"[9, 7, 5, 1, 4, 2, 3, 6, 8]"
370,O Win,O,6,False,"(0, 4, 8)","[3, 1, 7, 9, 6, 5]"
371,X Win,X,9,False,"(6, 7, 8)","[7, 2, 1, 3, 6, 5, 9, 4, 8]"
372,X Win,X,9,False,"(3, 4, 5)","[6, 8, 4, 9, 7, 2, 3, 1, 5]"
373,X Win,X,7,False,"(1, 4, 7)","[2, 6, 5, 1, 3, 7, 8]"
374,X Win,X,9,False,"(0, 4, 8)","[5, 7, 4, 2, 9, 8, 3, 6, 1]"
375,X Win,X,7,False,"(2, 4, 6)","[8, 9, 3, 1, 5, 2, 7]"
376,O Win,O,8,False,"(3, 4, 5)","[2, 1, 9, 5, 3, 6, 8, 4]"
377,X Win,X,7,False,"(3, 4, 5)","[9, 3, 6, 2, 5, 8, 4]"
378,X Win,X,7,False,"(2, 4, 6)","[4, 8, 7, 2, 3, 9, 5]"
379,X Win,X,9,False,"(0, 3, 6)","[1, 5, 6, 8, 7, 9, 2, 3, 4]"
380,X Win,X,9,False,"(2, 5, 8)","[5, 2, 7, 1, 9, 4, 6, 8, 3]"
381,X Win,X,9,False,"(0, 3, 6)","[8, 2, 4, 9, 6, 5, 7, 3, 1]"
382,O Win,O,8,False,"(2, 4, 6)","[2, 7, 4, 6, 9, 3, 8, 5]"
383,O Win,O,8,False,"(0, 3, 6)","[2, 4, 5, 1, 6, 8, 3, 7]"
384,X Win,X,7,False,"(6, 7, 8)","[6, 3, 7, 5, 8, 2, 9]"
385,Draw,None,9,True,None,"[7, 8, 2, 5, 9, 3, 6, 1, 4]"
386,X Win,X,5,False,"(1, 4, 7)","[5, 3, 2, 6, 8]"
387,X Win,X,9,False,"(0, 1, 2)","[1, 7, 2, 6, 4, 5, 8, 9, 3]"
388,X Win,X,9,False,"(0, 4, 8)","[8, 7, 6, 4, 5, 2, 1, 3, 9]"
389,X Win,X,9,False,"(3, 4, 5)","[5, 1, 4, 3, 9, 7, 2, 8, 6]"
390,O Win,O,8,False,"(0, 1, 2)","[9, 2, 6, 1, 5, 7, 8, 3]"
391,O Win,O,6,False,"(0, 3, 6)","[8, 4, 5, 1, 3, 7]"
392,X Win,X,7,False,"(0, 1, 2)","[1, 9, 4, 5, 2, 8, 3]"
393,O Win,O,8,False,"(1, 4, 7)","[4, 5, 9, 8, 7, 3, 6, 2]"
394,O Win,O,8,False,"(0, 3, 6)","[3, 4, 9, 2, 5, 1, 8, 7]"
395,O Win,O,8,False,"(2, 4, 6)","[9, 5, 6, 7, 2, 4, 8, 3]"
396,X Win,X,5,False,"(0, 4, 8)","[5, 6, 9, 7, 1]"
397,X Win,X,7,False,"(0, 1, 2)","[3, 8, 1, 5, 4, 6, 2]"
398,X Win,X,5,False,"(2, 5, 8)","[3, 7, 9, 2, 6]"
399,O Win,O,8,False,"(2, 4, 6)","[8, 3, 6, 9, 4, 7, 2, 5]"
400,X Win,X,7,False,"(3, 4, 5)","[2, 3, 6, 8, 5, 7, 4]"
401,X Win,X,5,False,"(1, 4, 7)","[8, 6, 5, 1, 2]"
402,X Win,X,5,False,"(6, 7, 8)","[8, 6, 9, 1, 7]"
403,X Win,X,7,False,"(2, 4, 6)","[7, 4, 5, 2, 8, 6, 3]"
404,O Win,O,6,False,"(6, 7, 8)","[5, 7, 6, 8, 2, 9]"
405,X Win,X,7,False,"(1, 4, 7)","[6, 1, 2, 3, 8, 4, 5]"
406,X Win,X,5,False,"(2, 4, 6)","[3, 9, 5, 1, 7]"
407,O Win,O,6,False,"(2, 4, 6)","[4, 3, 8, 5, 2, 7]"
408,O Win,O,8,False,"(0, 4, 8)","[2, 7, 4, 1, 6, 5, 3, 9]"
409,Draw,None,9,True,None,"[5, 4, 6, 9, 1, 2, 3, 7, 8]"
410,Draw,None,9,True,None,"[2, 4, 7, 3, 9, 8, 1, 5, 6]"
411,X Win,X,9,False,"(3, 4, 5)","[2, 8, 7, 3, 6, 1, 4, 9, 5]"
412,X Win,X,7,False,"(1, 4, 7)","[2, 3, 5, 6, 7, 4, 8]"
413,O Win,O,8,False,"(1, 4, 7)","[3, 4, 1, 8, 9, 2, 7, 5]"
414,X Win,X,7,False,"(2, 4, 6)","[8, 6, 7, 2, 3, 9, 5]"
415,X Win,X,7,False,"(0, 4, 8)","[8, 4, 1, 2, 5, 3, 9]"
416,X Win,X,9,False,"(6, 7, 8)","[7, 6, 4, 3, 2, 5, 8, 1, 9]"
417,O Win,O,8,False,"(2, 4, 6)","[9, 5, 8, 7, 1, 4, 2, 3]"
418,O Win,O,6,False,"(0, 4, 8)","[7, 5, 8, 1, 3, 9]"
419,X Win,X,7,False,"(6, 7, 8)","[7, 2, 3, 6, 9, 1, 8]"
420,X Win,X,9,False,"(3, 4, 5)","[1, 7, 4, 3, 8, 9, 5, 2, 6]"
421,Draw,None,9,True,None,"[2, 1, 7, 3, 4, 8, 5, 6, 9]"
422,Draw,None,9,True,None,"[7, 5, 8, 9, 6, 4, 2, 3, 1]"
423,O Win,O,6,False,"(0, 1, 2)","[9, 3, 4, 1, 6, 2]"
424,X Win,X,5,False,"(6, 7, 8)","[9, 4, 8, 2, 7]"
425,Draw,None,9,True,None,"[6, 8, 5, 9, 1, 4, 7, 3, 2]"
426,X Win,X,5,False,"(0, 1, 2)","[1, 5, 2, 7, 3]"
427,X Win,X,9,False,"(2, 4, 6)","[8, 1, 4, 9, 3, 2, 5, 6, 7]"
428,X Win,X,9,False,"(0, 1, 2)","[3, 9, 4, 7, 8, 5, 1, 6, 2]"
429,X Win,X,7,False,"(3, 4, 5)","[5, 2, 9, 1, 6, 8, 4]"
430,X Win,X,9,False,"(2, 4, 6)","[9, 2, 4, 8, 7, 1, 5, 6, 3]"
431,X Win,X,7,False,"(0, 1, 2)","[1, 9, 8, 6, 3, 5, 2]"
432,Draw,None,9,True,None,"[5, 2, 7, 9, 1, 4, 8, 3, 6]"
433,X Win,X,7,False,"(0, 1, 2)","[1, 5, 2, 7, 6, 9, 3]"
434,X Win,X,7,False,"(2, 4, 6)","[3, 1, 7, 9, 6, 4, 5]"
435,Draw,None,9,True,None,"[4, 8, 7, 3, 5, 1, 9, 6, 2]"
436,X Win,X,7,False,"(2, 5, 8)","[9, 1, 3, 4, 8, 2, 6]"
437,X Win,X,5,False,"(1, 4, 7)","[2, 9, 8, 4, 5]"
438,O Win,O,6,False,"(1, 4, 7)","[6, 2, 7, 5, 1, 8]"
439,X Win,X,9,False,"(0, 3, 6)","[4, 6, 7, 3, 9, 2, 5, 8, 1]"
440,O Win,O,8,False,"(0, 4, 8)","[4, 5, 2, 1, 8, 3, 6, 9]"
441,X Win,X,7,False,"(0, 1, 2)","[1, 7, 2, 9, 6, 5, 3]"
442,O Win,O,6,False,"(2, 4, 6)","[4, 5, 6, 7, 1, 3]"
443,X Win,X,5,False,"(0, 4, 8)","[5, 2, 1, 4, 9]"
444,X Win,X,5,False,"(0, 3, 6)","[7, 6, 4, 9, 1]"
445,O Win,O,8,False,"(3, 4, 5)","[2, 4, 8, 6, 1, 3, 7, 5]"
446,X Win,X,9,False,"(0, 1, 2)","[4, 6, 3, 5, 8, 7, 2, 9, 1]"
447,X Win,X,7,False,"(2, 5, 8)","[4, 2, 3, 5, 9, 1, 6]"
448,O Win,O,8,False,"(6, 7, 8)","[2, 4, 6, 7, 5, 9, 1, 8]"
449,X Win,X,9,False,"(1, 4, 7)","[4, 9, 3, 6, 5, 1, 2, 7, 8]"
450,O Win,O,8,False,"(3, 4, 5)","[1, 5, 9, 4, 3, 2, 8, 6]"
451,X Win,X,5,False,"(3, 4, 5)","[6, 8, 5, 1, 4]"
452,X Win,X,7,False,"(1, 4, 7)","[5, 3, 1, 7, 8, 4, 2]"
453,X Win,X,7,False,"(0, 4, 8)","[8, 2, 9, 3, 1, 4, 5]"
454,X Win,X,9,False,"(3, 4, 5)","[4, 3, 2, 7, 6, 1, 9, 8, 5]"
455,X Win,X,5,False,"(0, 3, 6)","[1, 3, 4, 9, 7]"
456,O Win,O,8,False,"(3, 4, 5)","[3, 2, 9, 5, 1, 4, 7, 6]"
457,X Win,X,7,False,"(0, 4, 8)","[3, 8, 9, 7, 5, 6, 1]"
458,X Win,X,9,False,"(0, 1, 2)","[7, 8, 2, 4, 3, 5, 6, 9, 1]"
459,X Win,X,7,False,"(2, 5, 8)","[3, 1, 7, 8, 9, 4, 6]"
460,X Win,X,5,False,"(3, 4, 5)","[5, 9, 4, 7, 6]"
461,O Win,O,8,False,"(2, 5, 8)","[1, 3, 5, 7, 4, 9, 2, 6]"
462,X Win,X,7,False,"(3, 4, 5)","[9, 1, 5, 8, 4, 7, 6]"
463,X Win,X,7,False,"(1, 4, 7)","[8, 6, 5, 7, 3, 9, 2]"
464,X Win,X,7,False,"(2, 4, 6)","[3, 1, 5, 8, 4, 2, 7]"
465,Draw,None,9,True,None,"[1, 9, 6, 4, 8, 3, 2, 5, 7]"
466,X Win,X,5,False,"(0, 3, 6)","[4, 6, 7, 9, 1]"
467,X Win,X,9,False,"(0, 4, 8)","[4, 8, 3, 2, 5, 6, 9, 7, 1]"
468,O Win,O,8,False,"(6, 7, 8)","[1, 7, 6, 8, 3, 4, 5, 9]"
469,X Win,X,9,False,"(0, 3, 6)","[3, 9, 1, 2, 4, 6, 8, 5, 7]"
470,X Win,X,9,False,"(0, 4, 8)","[9, 8, 1, 4, 7, 3, 2, 6, 5]"
471,X Win,X,7,False,"(2, 5, 8)","[6, 1, 2, 4, 9, 5, 3]"
472,X Win,X,7,False,"(0, 4, 8)","[9, 6, 1, 4, 7, 2, 5]"
473,X Win,X,5,False,"(1, 4, 7)","[5, 7, 2, 3, 8]"
474,O Win,O,8,False,"(2, 5, 8)","[8, 6, 2, 9, 7, 4, 1, 3]"
475,Draw,None,9,True,None,"[7, 5, 8, 9, 3, 2, 1, 4, 6]"
476,X Win,X,7,False,"(6, 7, 8)","[1, 4, 7, 5, 9, 3, 8]"
477,X Win,X,5,False,"(0, 1, 2)","[2, 9, 3, 5, 1]"
478,O Win,O,8,False,"(1, 4, 7)","[4, 7, 3, 2, 1, 8, 6, 5]"
479,X Win,X,9,False,"(1, 4, 7)","[5, 4, 2, 9, 1, 7, 6, 3, 8]"
480,X Win,X,7,False,"(3, 4, 5)","[1, 8, 5, 9, 6, 3, 4]"
481,Draw,None,9,True,None,"[8, 7, 3, 6, 5, 1, 4, 2, 9]"
482,O Win,O,6,False,"(0, 1, 2)","[8, 2, 9, 1, 5, 3]"
483,X Win,X,9,False,"(6, 7, 8)","[6, 5, 1, 2, 7, 4, 8, 3, 9]"
484,Draw,None,9,True,None,"[9, 2, 4, 7, 8, 6, 5, 1, 3]"
485,Draw,None,9,True,None,"[3, 8, 2, 1, 4, 7, 5, 6, 9]"
486,X Win,X,7,False,"(0, 3, 6)","[9, 5, 7, 3, 4, 2, 1]"
487,O Win,O,8,False,"(6, 7, 8)","[1, 8, 6, 7, 5, 3, 2, 9]"
488,X Win,X,7,False,"(0, 1, 2)","[1, 8, 2, 5, 9, 7, 3]"
489,X Win,X,9,False,"(6, 7, 8)","[2, 1, 4, 5, 7, 3, 8, 6, 9]"
490,O Win,O,8,False,"(0, 4, 8)","[7, 9, 4, 8, 3, 1, 6, 5]"
491,X Win,X,7,False,"(0, 1, 2)","[3, 7, 5, 4, 2, 9, 1]"
492,X Win,X,7,False,"(1, 4, 7)","[5, 9, 4, 3, 2, 7, 8]"
493,X Win,X,9,False,"(0, 4, 8)","[1, 4, 9, 8, 2, 3, 7, 6, 5]"
494,X Win,X,9,False,"(1, 4, 7)","[4, 1, 9, 6, 8, 7, 5, 3, 2]"
495,O Win,O,6,False,"(3, 4, 5)","[8, 5, 1, 6, 2, 4]"
496,X Win,X,7,False,"(0, 1, 2)","[2, 9, 3, 4, 5, 6, 1]"
497,Draw,None,9,True,None,"[1, 8, 2, 9, 6, 4, 7, 3, 5]"
498,X Win,X,7,False,"(0, 4, 8)","[6, 2, 1, 7, 9, 8, 5]"
499,X Win,X,9,False,"(0, 1, 2)","[6, 5, 7, 4, 1, 9, 2, 8, 3]"
500,X Win,X,9,False,"(0, 4, 8)","[3, 2, 1, 8, 4, 7, 9, 6, 5]"
501,X Win,X,7,False,"(0, 4, 8)","[5, 8, 7, 4, 9, 6, 1]"
502,X Win,X,7,False,"(0, 4, 8)","[3, 6, 5, 2, 9, 8, 1]"
503,X Win,X,7,False,"(0, 3, 6)","[7, 6, 8, 2, 1, 9, 4]"
504,O Win,O,8,False,"(1, 4, 7)","[6, 1, 4, 5, 7, 8, 3, 2]"
505,O Win,O,6,False,"(2, 5, 8)","[4, 3, 5, 9, 7, 6]"
506,X Win,X,7,False,"(3, 4, 5)","[5, 8, 6, 9, 1, 3, 4]"
507,X Win,X,7,False,"(0, 3, 6)","[4, 8, 7, 5, 9, 3, 1]"
508,O Win,O,6,False,"(2, 4, 6)","[9, 3, 1, 5, 8, 7]"
509,O Win,O,8,False,"(1, 4, 7)","[3, 1, 4, 5, 6, 2, 7, 8]"
510,X Win,X,9,False,"(1, 4, 7)","[8, 1, 4, 9, 3, 6, 5, 7, 2]"
511,X Win,X,9,False,"(1, 4, 7)","[2, 1, 4, 6, 8, 9, 3, 7, 5]"
512,X Win,X,9,False,"(0, 4, 8)","[6, 3, 9, 4, 1, 7, 2, 8, 5]"
513,O Win,O,8,False,"(1, 4, 7)","[3, 5, 9, 2, 4, 6, 7, 8]"
514,O Win,O,8,False,"(0, 3, 6)","[9, 1, 8, 7, 2, 6, 3, 4]"
515,O Win,O,8,False,"(6, 7, 8)","[1, 5, 4, 8, 6, 7, 3, 9]"
516,Draw,None,9,True,None,"[6, 9, 3, 2, 7, 5, 8, 4, 1]"
517,Draw,None,9,True,None,"[1, 7, 6, 9, 8, 4, 3, 2, 5]"
518,O Win,O,8,False,"(6, 7, 8)","[2, 7, 4, 9, 5, 6, 3, 8]"
519,X Win,X,5,False,"(0, 3, 6)","[4, 3, 7, 2, 1]"
520,X Win,X,7,False,"(0, 3, 6)","[7, 6, 8, 2, 1, 9, 4]"
521,X Win,X,7,False,"(0, 3, 6)","[5, 8, 4, 6, 1, 3, 7]"
522,X Win,X,7,False,"(0, 3, 6)","[4, 9, 7, 3, 8, 5, 1]"
523,X Win,X,7,False,"(6, 7, 8)","[9, 3, 4, 1, 7, 5, 8]"
524,X Win,X,9,False,"(6, 7, 8)","[5, 3, 8, 4, 1, 6, 7, 2, 9]"
525,O Win,O,6,False,"(3, 4, 5)","[7, 6, 3, 4, 9, 5]"
526,O Win,O,6,False,"(0, 1, 2)","[8, 2, 5, 1, 9, 3]"
527,X Win,X,9,False,"(6, 7, 8)","[8, 4, 6, 1, 7, 5, 3, 2, 9]"
528,X Win,X,9,False,"(0, 1, 2)","[3, 5, 4, 7, 9, 8, 1, 6, 2]"
529,X Win,X,9,False,"(2, 4, 6)","[2, 9, 4, 8, 3, 6, 7, 1, 5]"
530,X Win,X,9,False,"(6, 7, 8)","[8, 5, 2, 3, 9, 4, 6, 1, 7]"
531,X Win,X,7,False,"(0, 3, 6)","[7, 8, 4, 5, 6, 9, 1]"
532,O Win,O,8,False,"(2, 4, 6)","[1, 5, 8, 4, 2, 7, 9, 3]"
533,X Win,X,7,False,"(0, 3, 6)","[1, 2, 8, 9, 4, 5, 7]"
534,O Win,O,8,False,"(0, 3, 6)","[6, 5, 2, 1, 8, 7, 3, 4]"
535,Draw,None,9,True,None,"[1, 6, 4, 7, 9, 5, 3, 2, 8]"
536,X Win,X,9,False,"(0, 4, 8)","[8, 6, 9, 2, 3, 7, 1, 4, 5]"
537,O Win,O,8,False,"(0, 3, 6)","[3, 5, 8, 1, 9, 4, 2, 7]"
538,X Win,X,9,False,"(0, 4, 8)","[1, 8, 7, 4, 9, 2, 6, 3, 5]"
539,Draw,None,9,True,None,"[1, 2, 8, 3, 7, 9, 5, 4, 6]"
540,O Win,O,6,False,"(2, 5, 8)","[8, 3, 2, 9, 1, 6]"
541,O Win,O,8,False,"(0, 1, 2)","[7, 2, 8, 6, 4, 3, 5, 1]"
542,X Win,X,9,False,"(2, 4, 6)","[9, 2, 4, 1, 3, 8, 5, 6, 7]"
543,X Win,X,5,False,"(2, 5, 8)","[9, 4, 3, 8, 6]"
544,X Win,X,7,False,"(0, 4, 8)","[5, 3, 1, 8, 7, 4, 9]"
545,X Win,X,7,False,"(1, 4, 7)","[8, 6, 2, 1, 3, 4, 5]"
546,O Win,O,8,False,"(2, 4, 6)","[8, 3, 1, 7, 2, 4, 6, 5]"
547,Draw,None,9,True,None,"[8, 5, 3, 6, 1, 2, 4, 7, 9]"
548,Draw,None,9,True,None,"[6, 7, 4, 9, 1, 2, 3, 5, 8]"
549,Draw,None,9,True,None,"[3, 7, 4, 6, 9, 5, 8, 1, 2]"
550,O Win,O,8,False,"(2, 4, 6)","[6, 3, 1, 7, 8, 9, 4, 5]"
551,X Win,X,9,False,"(0, 4, 8)","[8, 7, 6, 2, 1, 4, 9, 3, 5]"
552,X Win,X,9,False,"(0, 1, 2)","[2, 8, 6, 5, 9, 7, 1, 4, 3]"
553,X Win,X,9,False,"(1, 4, 7)","[1, 4, 6, 7, 2, 9, 5, 3, 8]"
554,X Win,X,9,False,"(1, 4, 7)","[5, 7, 1, 9, 8, 3, 6, 4, 2]"
555,X Win,X,7,False,"(6, 7, 8)","[7, 4, 5, 3, 8, 2, 9]"
556,X Win,X,7,False,"(0, 4, 8)","[1, 2, 8, 4, 9, 7, 5]"
557,X Win,X,7,False,"(2, 4, 6)","[3, 2, 9, 6, 5, 4, 7]"
558,O Win,O,8,False,"(0, 1, 2)","[5, 1, 7, 3, 9, 8, 4, 2]"
559,X Win,X,7,False,"(3, 4, 5)","[2, 9, 5, 7, 6, 1, 4]"
560,O Win,O,8,False,"(2, 5, 8)","[8, 6, 1, 5, 2, 3, 7, 9]"
561,X Win,X,7,False,"(6, 7, 8)","[1, 2, 9, 3, 8, 6, 7]"
562,Draw,None,9,True,None,"[9, 4, 7, 8, 5, 3, 2, 1, 6]"
563,X Win,X,9,False,"(0, 4, 8)","[8, 6, 5, 7, 9, 4, 3, 2, 1]"
564,X Win,X,9,False,"(3, 4, 5)","[2, 3, 9, 8, 4, 1, 6, 7, 5]"
565,X Win,X,9,False,"(6, 7, 8)","[9, 6, 7, 1, 2, 4, 5, 3, 8]"
566,X Win,X,9,False,"(6, 7, 8)","[2, 6, 7, 3, 4, 1, 8, 5, 9]"
567,O Win,O,8,False,"(2, 5, 8)","[4, 7, 1, 6, 2, 3, 8, 9]"
568,O Win,O,6,False,"(0, 1, 2)","[9, 3, 5, 1, 8, 2]"
569,X Win,X,9,False,"(2, 5, 8)","[9, 7, 8, 5, 4, 2, 6, 1, 3]"
570,X Win,X,9,False,"(0, 4, 8)","[2, 8, 7, 6, 9, 4, 5, 3, 1]"
571,O Win,O,6,False,"(2, 5, 8)","[4, 6, 5, 3, 7, 9]"
572,X Win,X,5,False,"(2, 5, 8)","[3, 4, 6, 8, 9]"
573,X Win,X,9,False,"(3, 4, 5)","[5, 7, 8, 9, 6, 2, 1, 3, 4]"
574,O Win,O,8,False,"(0, 4, 8)","[6, 3, 8, 9, 2, 5, 7, 1]"
575,X Win,X,5,False,"(3, 4, 5)","[6, 9, 5, 7, 4]"
576,X Win,X,9,False,"(2, 5, 8)","[9, 5, 8, 4, 1, 2, 3, 7, 6]"
577,X Win,X,7,False,"(0, 4, 8)","[1, 2, 4, 6, 5, 8, 9]"
578,O Win,O,8,False,"(0, 1, 2)","[5, 3, 9, 1, 6, 4, 8, 2]"
579,X Win,X,9,False,"(1, 4, 7)","[6, 9, 1, 7, 8, 3, 5, 4, 2]"
580,O Win,O,8,False,"(3, 4, 5)","[9, 5, 7, 8, 1, 6, 3, 4]"
581,X Win,X,7,False,"(1, 4, 7)","[6, 1, 2, 9, 5, 4, 8]"
582,X Win,X,9,False,"(2, 4, 6)","[8, 4, 7, 9, 3, 2, 6, 1, 5]"
583,X Win,X,7,False,"(6, 7, 8)","[8, 3, 7, 1, 4, 5, 9]"
584,X Win,X,7,False,"(6, 7, 8)","[9, 2, 5, 1, 7, 6, 8]"
585,X Win,X,9,False,"(3, 4, 5)","[5, 3, 2, 8, 6, 1, 7, 9, 4]"
586,O Win,O,8,False,"(6, 7, 8)","[1, 4, 5, 8, 2, 7, 6, 9]"
587,O Win,O,8,False,"(2, 4, 6)","[2, 7, 6, 3, 4, 1, 9, 5]"
588,O Win,O,8,False,"(3, 4, 5)","[7, 8, 1, 4, 3, 5, 9, 6]"
589,X Win,X,5,False,"(2, 5, 8)","[6, 7, 3, 2, 9]"
590,X Win,X,5,False,"(0, 4, 8)","[9, 8, 5, 7, 1]"
591,X Win,X,7,False,"(0, 4, 8)","[2, 7, 5, 3, 9, 4, 1]"
592,Draw,None,9,True,None,"[6, 8, 9, 1, 5, 4, 7, 3, 2]"
593,X Win,X,7,False,"(0, 4, 8)","[9, 6, 5, 7, 4, 8, 1]"
594,X Win,X,9,False,"(2, 5, 8)","[5, 4, 3, 8, 1, 2, 6, 7, 9]"
595,X Win,X,9,False,"(2, 5, 8)","[4, 5, 9, 8, 6, 1, 2, 7, 3]"
596,X Win,X,7,False,"(3, 4, 5)","[3, 1, 6, 9, 5, 2, 4]"
597,X Win,X,9,False,"(6, 7, 8)","[2, 1, 4, 6, 9, 3, 8, 5, 7]"
598,X Win,X,9,False,"(2, 4, 6)","[7, 8, 4, 9, 5, 6, 2, 1, 3]"
599,X Win,X,9,False,"(1, 4, 7)","[2, 1, 8, 9, 7, 3, 6, 4, 5]"
600,X Win,X,5,False,"(3, 4, 5)","[6, 2, 4, 9, 5]"
601,Draw,None,9,True,None,"[2, 6, 9, 5, 7, 8, 4, 1, 3]"
602,O Win,O,8,False,"(0, 4, 8)","[3, 5, 2, 9, 7, 6, 8, 1]"
603,X Win,X,5,False,"(0, 4, 8)","[5, 7, 1, 8, 9]"
604,O Win,O,8,False,"(1, 4, 7)","[3, 2, 1, 4, 9, 8, 7, 5]"
605,X Win,X,9,False,"(2, 4, 6)","[5, 4, 8, 9, 3, 2, 6, 1, 7]"
606,X Win,X,9,False,"(2, 5, 8)","[3, 5, 7, 4, 2, 1, 6, 8, 9]"
607,O Win,O,8,False,"(1, 4, 7)","[9, 2, 4, 8, 1, 6, 3, 5]"
608,X Win,X,9,False,"(6, 7, 8)","[8, 6, 3, 2, 4, 1, 7, 5, 9]"
609,O Win,O,8,False,"(0, 4, 8)","[6, 9, 4, 3, 8, 5, 7, 1]"
610,O Win,O,8,False,"(1, 4, 7)","[6, 7, 4, 2, 1, 8, 3, 5]"
611,X Win,X,9,False,"(0, 3, 6)","[7, 5, 9, 3, 2, 6, 4, 8, 1]"
612,O Win,O,8,False,"(1, 4, 7)","[6, 5, 4, 8, 1, 3, 9, 2]"
613,O Win,O,6,False,"(0, 1, 2)","[5, 3, 7, 2, 6, 1]"
614,X Win,X,7,False,"(2, 5, 8)","[2, 1, 9, 7, 3, 8, 6]"
615,O Win,O,8,False,"(1, 4, 7)","[4, 1, 7, 5, 9, 8, 6, 2]"
616,X Win,X,7,False,"(3, 4, 5)","[6, 8, 2, 7, 4, 3, 5]"
617,X Win,X,7,False,"(6, 7, 8)","[9, 2, 5, 4, 8, 1, 7]"
618,O Win,O,8,False,"(2, 4, 6)","[4, 3, 9, 7, 2, 8, 1, 5]"
619,X Win,X,9,False,"(2, 4, 6)","[3, 9, 4, 1, 5, 8, 2, 6, 7]"
620,O Win,O,8,False,"(6, 7, 8)","[6, 4, 1, 9, 3, 7, 5, 8]"
621,X Win,X,5,False,"(1, 4, 7)","[8, 1, 2, 9, 5]"
622,X Win,X,9,False,"(0, 4, 8)","[2, 6, 9, 8, 4, 3, 5, 7, 1]"
623,X Win,X,9,False,"(0, 4, 8)","[2, 6, 5, 3, 9, 8, 4, 7, 1]"
624,X Win,X,9,False,"(6, 7, 8)","[8, 1, 6, 3, 7, 4, 2, 5, 9]"
625,X Win,X,9,False,"(6, 7, 8)","[4, 3, 2, 5, 7, 1, 9, 6, 8]"
626,X Win,X,9,False,"(3, 4, 5)","[6, 2, 5, 9, 7, 8, 1, 3, 4]"
627,O Win,O,6,False,"(3, 4, 5)","[1, 5, 2, 4, 9, 6]"
628,O Win,O,8,False,"(3, 4, 5)","[3, 1, 7, 4, 2, 6, 8, 5]"
629,X Win,X,5,False,"(0, 4, 8)","[9, 7, 5, 6, 1]"
630,X Win,X,9,False,"(3, 4, 5)","[5, 2, 3, 7, 9, 8, 4, 1, 6]"
631,X Win,X,9,False,"(0, 3, 6)","[7, 3, 9, 6, 2, 5, 1, 8, 4]"
632,X Win,X,9,False,"(2, 5, 8)","[2, 5, 6, 7, 3, 1, 4, 8, 9]"
633,X Win,X,9,False,"(2, 5, 8)","[3, 2, 4, 7, 9, 1, 8, 5, 6]"
634,X Win,X,9,False,"(1, 4, 7)","[8, 3, 6, 7, 1, 9, 5, 4, 2]"
635,O Win,O,8,False,"(1, 4, 7)","[1, 8, 3, 6, 7, 5, 9, 2]"
636,O Win,O,8,False,"(2, 5, 8)","[7, 3, 4, 6, 2, 1, 8, 9]"
637,X Win,X,7,False,"(1, 4, 7)","[5, 4, 1, 9, 2, 3, 8]"
638,X Win,X,7,False,"(0, 3, 6)","[1, 8, 7, 3, 5, 9, 4]"
639,X Win,X,9,False,"(0, 1, 2)","[2, 4, 6, 9, 8, 5, 3, 7, 1]"
640,X Win,X,7,False,"(0, 4, 8)","[5, 8, 9, 2, 6, 7, 1]"
641,Draw,None,9,True,None,"[6, 9, 3, 4, 8, 5, 7, 2, 1]"
642,O Win,O,6,False,"(0, 4, 8)","[2, 5, 6, 9, 3, 1]"
643,Draw,None,9,True,None,"[4, 8, 9, 3, 7, 1, 2, 6, 5]"
644,X Win,X,9,False,"(2, 4, 6)","[2, 4, 6, 8, 7, 1, 3, 9, 5]"
645,X Win,X,9,False,"(2, 4, 6)","[6, 2, 7, 1, 8, 9, 5, 4, 3]"
646,X Win,X,9,False,"(1, 4, 7)","[3, 9, 5, 1, 4, 7, 2, 6, 8]"
647,O Win,O,6,False,"(0, 3, 6)","[3, 1, 5, 4, 2, 7]"
648,Draw,None,9,True,None,"[2, 6, 9, 5, 4, 8, 3, 1, 7]"
649,X Win,X,9,False,"(0, 3, 6)","[2, 3, 7, 5, 9, 6, 4, 8, 1]"
650,O Win,O,8,False,"(6, 7, 8)","[4, 9, 5, 7, 1, 6, 2, 8]"
651,O Win,O,8,False,"(0, 1, 2)","[9, 2, 6, 1, 8, 5, 4, 3]"
652,X Win,X,5,False,"(2, 5, 8)","[9, 5, 6, 7, 3]"
653,X Win,X,5,False,"(1, 4, 7)","[8, 7, 5, 4, 2]"
654,X Win,X,9,False,"(2, 4, 6)","[6, 9, 7, 4, 8, 1, 3, 2, 5]"
655,O Win,O,8,False,"(2, 5, 8)","[2, 8, 7, 3, 4, 6, 5, 9]"
656,X Win,X,9,False,"(2, 4, 6)","[9, 1, 7, 4, 3, 6, 2, 8, 5]"
657,Draw,None,9,True,None,"[2, 4, 6, 5, 7, 3, 9, 8, 1]"
658,O Win,O,8,False,"(0, 4, 8)","[4, 9, 7, 2, 3, 5, 6, 1]"
659,X Win,X,9,False,"(6, 7, 8)","[4, 5, 9, 2, 8, 6, 1, 3, 7]"
660,X Win,X,7,False,"(1, 4, 7)","[2, 9, 6, 1, 8, 3, 5]"
661,O Win,O,6,False,"(6, 7, 8)","[6, 7, 4, 8, 3, 9]"
662,X Win,X,7,False,"(0, 4, 8)","[3, 6, 5, 2, 9, 4, 1]"
663,Draw,None,9,True,None,"[9, 7, 4, 6, 1, 5, 3, 2, 8]"
664,X Win,X,7,False,"(0, 3, 6)","[2, 9, 4, 8, 1, 3, 7]"
665,X Win,X,5,False,"(3, 4, 5)","[4, 8, 6, 1, 5]"
666,X Win,X,9,False,"(0, 3, 6)","[6, 5, 2, 8, 4, 3, 7, 9, 1]"
667,X Win,X,7,False,"(1, 4, 7)","[6, 3, 5, 7, 2, 9, 8]"
668,X Win,X,5,False,"(2, 5, 8)","[6, 7, 9, 4, 3]"
669,X Win,X,9,False,"(0, 4, 8)","[8, 3, 6, 2, 9, 4, 1, 7, 5]"
670,O Win,O,8,False,"(0, 3, 6)","[9, 7, 8, 4, 2, 3, 6, 1]"
671,X Win,X,7,False,"(6, 7, 8)","[8, 1, 3, 6, 7, 4, 9]"
672,O Win,O,6,False,"(3, 4, 5)","[9, 6, 8, 4, 3, 5]"
673,O Win,O,6,False,"(0, 1, 2)","[9, 1, 5, 2, 4, 3]"
674,X Win,X,7,False,"(0, 3, 6)","[4, 6, 5, 9, 1, 8, 7]"
675,X Win,X,5,False,"(2, 5, 8)","[6, 5, 3, 4, 9]"
676,X Win,X,7,False,"(2, 5, 8)","[9, 5, 3, 1, 7, 2, 6]"
677,O Win,O,6,False,"(2, 4, 6)","[4, 3, 9, 5, 6, 7]"
678,Draw,None,9,True,None,"[9, 8, 7, 6, 4, 1, 3, 5, 2]"
679,Draw,None,9,True,None,"[3, 4, 8, 5, 7, 9, 1, 2, 6]"
680,X Win,X,7,False,"(2, 5, 8)","[6, 4, 3, 5, 7, 8, 9]"
681,Draw,None,9,True,None,"[7, 5, 4, 3, 9, 8, 2, 1, 6]"
682,X Win,X,9,False,"(0, 4, 8)","[1, 4, 8, 3, 6, 2, 5, 7, 9]"
683,X Win,X,7,False,"(0, 4, 8)","[2, 3, 1, 7, 9, 4, 5]"
684,O Win,O,8,False,"(1, 4, 7)","[7, 2, 1, 5, 9, 4, 3, 8]"
685,X Win,X,9,False,"(2, 4, 6)","[5, 4, 2, 9, 6, 8, 7, 1, 3]"
686,X Win,X,7,False,"(0, 4, 8)","[9, 3, 1, 2, 6, 7, 5]"
687,O Win,O,8,False,"(2, 4, 6)","[8, 5, 6, 4, 2, 3, 9, 7]"
688,O Win,O,8,False,"(1, 4, 7)","[7, 5, 3, 6, 9, 2, 1, 8]"
689,X Win,X,9,False,"(0, 4, 8)","[5, 7, 4, 3, 2, 8, 1, 6, 9]"
690,O Win,O,8,False,"(6, 7, 8)","[6, 5, 4, 8, 1, 9, 3, 7]"
691,X Win,X,9,False,"(0, 4, 8)","[1, 8, 9, 4, 7, 3, 2, 6, 5]"
692,X Win,X,7,False,"(2, 4, 6)","[7, 8, 4, 2, 3, 9, 5]"
693,O Win,O,8,False,"(6, 7, 8)","[4, 6, 1, 7, 3, 8, 5, 9]"
694,X Win,X,7,False,"(2, 5, 8)","[7, 4, 9, 1, 3, 5, 6]"
695,O Win,O,8,False,"(6, 7, 8)","[2, 9, 6, 5, 4, 8, 1, 7]"
696,X Win,X,5,False,"(0, 1, 2)","[1, 4, 2, 8, 3]"
697,X Win,X,9,False,"(2, 4, 6)","[3, 2, 5, 6, 4, 9, 8, 1, 7]"
698,O Win,O,8,False,"(6, 7, 8)","[2, 4, 1, 7, 5, 8, 6, 9]"
699,O Win,O,8,False,"(2, 5, 8)","[8, 6, 4, 9, 1, 5, 2, 3]"
700,X Win,X,7,False,"(0, 1, 2)","[1, 6, 9, 5, 2, 8, 3]"
701,X Win,X,9,False,"(6, 7, 8)","[4, 6, 9, 5, 1, 2, 8, 3, 7]"
702,X Win,X,9,False,"(2, 4, 6)","[8, 4, 7, 1, 3, 9, 6, 2, 5]"
703,O Win,O,8,False,"(0, 1, 2)","[8, 7, 6, 3, 4, 2, 9, 1]"
704,O Win,O,8,False,"(0, 1, 2)","[9, 2, 4, 6, 5, 3, 7, 1]"
705,X Win,X,7,False,"(0, 3, 6)","[4, 2, 3, 9, 7, 6, 1]"
706,O Win,O,8,False,"(3, 4, 5)","[3, 6, 7, 1, 8, 4, 2, 5]"
707,O Win,O,8,False,"(0, 1, 2)","[8, 3, 4, 1, 5, 6, 7, 2]"
708,O Win,O,8,False,"(0, 4, 8)","[6, 1, 2, 5, 4, 3, 7, 9]"
709,O Win,O,6,False,"(6, 7, 8)","[4, 7, 6, 9, 3, 8]"
710,O Win,O,8,False,"(0, 1, 2)","[4, 1, 8, 6, 5, 3, 7, 2]"
711,O Win,O,6,False,"(2, 5, 8)","[8, 9, 5, 3, 7, 6]"
712,O Win,O,8,False,"(0, 4, 8)","[4, 3, 7, 5, 6, 9, 2, 1]"
713,X Win,X,9,False,"(2, 5, 8)","[2, 4, 6, 5, 7, 8, 3, 1, 9]"
714,X Win,X,7,False,"(2, 5, 8)","[3, 1, 7, 5, 9, 4, 6]"
715,X Win,X,7,False,"(2, 5, 8)","[2, 8, 3, 7, 6, 4, 9]"
716,X Win,X,9,False,"(1, 4, 7)","[5, 7, 4, 9, 3, 1, 2, 6, 8]"
717,X Win,X,7,False,"(2, 4, 6)","[3, 4, 9, 1, 5, 2, 7]"
718,X Win,X,5,False,"(0, 3, 6)","[4, 2, 1, 8, 7]"
719,X Win,X,9,False,"(2, 5, 8)","[8, 5, 1, 4, 3, 2, 6, 7, 9]"
720,X Win,X,9,False,"(0, 1, 2)","[2, 9, 8, 7, 1, 5, 6, 4, 3]"
721,X Win,X,7,False,"(0, 3, 6)","[1, 6, 7, 2, 3, 8, 4]"
722,X Win,X,9,False,"(0, 3, 6)","[4, 2, 1, 9, 5, 8, 3, 6, 7]"
723,X Win,X,7,False,"(2, 5, 8)","[3, 8, 7, 1, 9, 5, 6]"
724,O Win,O,8,False,"(2, 4, 6)","[8, 7, 1, 3, 4, 9, 6, 5]"
725,X Win,X,9,False,"(0, 1, 2)","[3, 9, 4, 5, 8, 6, 2, 7, 1]"
726,Draw,None,9,True,None,"[6, 4, 7, 8, 2, 9, 5, 3, 1]"
727,O Win,O,8,False,"(2, 5, 8)","[8, 9, 4, 1, 2, 6, 7, 3]"
728,Draw,None,9,True,None,"[9, 3, 4, 1, 6, 5, 2, 8, 7]"
729,X Win,X,9,False,"(0, 4, 8)","[5, 3, 1, 2, 8, 7, 4, 6, 9]"
730,X Win,X,9,False,"(2, 5, 8)","[6, 4, 2, 5, 7, 1, 9, 8, 3]"
731,X Win,X,7,False,"(2, 5, 8)","[2, 7, 9, 5, 3, 8, 6]"
732,X Win,X,7,False,"(0, 1, 2)","[2, 6, 1, 9, 8, 7, 3]"
733,Draw,None,9,True,None,"[1, 7, 4, 6, 8, 2, 3, 5, 9]"
734,X Win,X,9,False,"(6, 7, 8)","[1, 6, 7, 2, 5, 4, 8, 3, 9]"
735,X Win,X,5,False,"(0, 4, 8)","[1, 8, 5, 7, 9]"
736,X Win,X,7,False,"(0, 4, 8)","[9, 2, 3, 6, 5, 8, 1]"
737,Draw,None,9,True,None,"[3, 7, 1, 6, 9, 2, 8, 5, 4]"
738,X Win,X,9,False,"(2, 5, 8)","[2, 8, 6, 5, 3, 4, 7, 1, 9]"
739,X Win,X,9,False,"(0, 4, 8)","[7, 4, 6, 8, 9, 2, 1, 3, 5]"
740,X Win,X,7,False,"(6, 7, 8)","[7, 6, 8, 5, 1, 2, 9]"
741,X Win,X,7,False,"(2, 4, 6)","[7, 8, 3, 4, 2, 6, 5]"
742,O Win,O,8,False,"(1, 4, 7)","[1, 6, 3, 5, 9, 8, 7, 2]"
743,X Win,X,9,False,"(6, 7, 8)","[8, 1, 9, 3, 4, 6, 2, 5, 7]"
744,X Win,X,9,False,"(6, 7, 8)","[1, 5, 7, 3, 6, 2, 8, 4, 9]"
745,X Win,X,7,False,"(0, 1, 2)","[8, 9, 1, 4, 3, 5, 2]"
746,X Win,X,7,False,"(6, 7, 8)","[9, 5, 6, 4, 8, 2, 7]"
747,X Win,X,7,False,"(0, 3, 6)","[1, 8, 6, 9, 7, 2, 4]"
748,O Win,O,6,False,"(0, 3, 6)","[3, 1, 5, 4, 9, 7]"
749,O Win,O,8,False,"(1, 4, 7)","[1, 9, 7, 2, 3, 8, 6, 5]"
750,X Win,X,9,False,"(6, 7, 8)","[6, 2, 1, 5, 8, 4, 7, 3, 9]"
751,X Win,X,7,False,"(2, 5, 8)","[8, 2, 3, 4, 9, 7, 6]"
752,X Win,X,7,False,"(3, 4, 5)","[1, 2, 4, 8, 6, 7, 5]"
753,Draw,None,9,True,None,"[7, 3, 1, 5, 6, 8, 9, 4, 2]"
754,Draw,None,9,True,None,"[9, 5, 8, 1, 4, 7, 2, 6, 3]"
755,X Win,X,7,False,"(1, 4, 7)","[3, 7, 5, 9, 2, 1, 8]"
756,X Win,X,9,False,"(0, 4, 8)","[7, 4, 5, 2, 9, 3, 6, 8, 1]"
757,O Win,O,8,False,"(2, 4, 6)","[8, 3, 2, 9, 4, 5, 1, 7]"
758,O Win,O,8,False,"(0, 1, 2)","[9, 3, 5, 2, 8, 4, 6, 1]"
759,O Win,O,8,False,"(1, 4, 7)","[9, 2, 3, 5, 4, 1, 7, 8]"
760,X Win,X,7,False,"(0, 3, 6)","[7, 5, 4, 9, 3, 2, 1]"
761,O Win,O,6,False,"(0, 3, 6)","[2, 4, 3, 1, 9, 7]"
762,X Win,X,7,False,"(0, 1, 2)","[4, 5, 2, 9, 1, 7, 3]"
763,X Win,X,9,False,"(1, 4, 7)","[8, 3, 6, 7, 5, 4, 1, 9, 2]"
764,X Win,X,5,False,"(1, 4, 7)","[8, 3, 2, 4, 5]"
765,X Win,X,5,False,"(0, 4, 8)","[1, 8, 9, 2, 5]"
766,Draw,None,9,True,None,"[7, 4, 8, 9, 2, 3, 1, 5, 6]"
767,O Win,O,8,False,"(0, 3, 6)","[8, 6, 9, 4, 2, 7, 3, 1]"
768,X Win,X,9,False,"(2, 4, 6)","[7, 6, 4, 8, 9, 1, 5, 2, 3]"
769,Draw,None,9,True,None,"[8, 1, 3, 7, 9, 6, 5, 2, 4]"
770,Draw,None,9,True,None,"[9, 1, 3, 5, 7, 8, 4, 6, 2]"
771,O Win,O,8,False,"(6, 7, 8)","[3, 8, 4, 7, 1, 5, 6, 9]"
772,O Win,O,8,False,"(2, 4, 6)","[2, 3, 4, 8, 9, 5, 6, 7]"
773,Draw,None,9,True,None,"[6, 9, 1, 3, 7, 4, 5, 2, 8]"
774,X Win,X,9,False,"(3, 4, 5)","[6, 3, 8, 9, 1, 2, 4, 7, 5]"
775,X Win,X,9,False,"(0, 3, 6)","[2, 8, 7, 6, 9, 3, 4, 5, 1]"
776,X Win,X,7,False,"(0, 1, 2)","[3, 7, 6, 9, 2, 4, 1]"
777,O Win,O,6,False,"(0, 4, 8)","[3, 1, 6, 5, 7, 9]"
778,X Win,X,7,False,"(0, 4, 8)","[5, 3, 1, 4, 6, 2, 9]"
779,O Win,O,8,False,"(0, 3, 6)","[5, 1, 6, 7, 8, 2, 9, 4]"
780,X Win,X,9,False,"(0, 3, 6)","[4, 5, 7, 9, 6, 8, 2, 3, 1]"
781,O Win,O,8,False,"(3, 4, 5)","[1, 5, 7, 4, 9, 3, 2, 6]"
782,O Win,O,8,False,"(0, 4, 8)","[3, 1, 8, 5, 2, 6, 4, 9]"
783,X Win,X,9,False,"(0, 3, 6)","[6, 2, 1, 3, 8, 5, 4, 9, 7]"
784,Draw,None,9,True,None,"[8, 6, 1, 2, 5, 7, 4, 9, 3]"
785,X Win,X,9,False,"(2, 4, 6)","[7, 2, 4, 6, 3, 1, 9, 8, 5]"
786,Draw,None,9,True,None,"[9, 7, 5, 2, 3, 1, 4, 6, 8]"
787,X Win,X,5,False,"(3, 4, 5)","[5, 8, 6, 3, 4]"
788,O Win,O,8,False,"(2, 4, 6)","[9, 6, 2, 7, 8, 5, 4, 3]"
789,X Win,X,9,False,"(0, 4, 8)","[8, 3, 6, 2, 5, 4, 1, 7, 9]"
790,X Win,X,5,False,"(6, 7, 8)","[8, 2, 7, 3, 9]"
791,X Win,X,9,False,"(0, 4, 8)","[7, 8, 1, 4, 5, 3, 2, 6, 9]"
792,X Win,X,7,False,"(0, 4, 8)","[5, 2, 4, 6, 9, 7, 1]"
793,Draw,None,9,True,None,"[2, 7, 4, 6, 9, 1, 3, 5, 8]"
794,O Win,O,8,False,"(6, 7, 8)","[6, 9, 4, 1, 3, 8, 2, 7]"
795,O Win,O,8,False,"(2, 4, 6)","[9, 6, 4, 5, 1, 7, 8, 3]"
796,O Win,O,8,False,"(0, 3, 6)","[9, 1, 3, 7, 5, 6, 2, 4]"
797,X Win,X,9,False,"(1, 4, 7)","[5, 1, 4, 7, 9, 3, 8, 6, 2]"
798,X Win,X,7,False,"(1, 4, 7)","[2, 6, 8, 4, 1, 7, 5]"
799,X Win,X,7,False,"(0, 1, 2)","[2, 9, 3, 5, 7, 6, 1]"
800,O Win,O,8,False,"(2, 4, 6)","[9, 5, 2, 1, 6, 3, 4, 7]"
801,X Win,X,5,False,"(6, 7, 8)","[8, 1, 9, 5, 7]"
802,Draw,None,9,True,None,"[3, 5, 4, 7, 9, 6, 2, 1, 8]"
803,X Win,X,7,False,"(0, 4, 8)","[9, 3, 2, 8, 1, 7, 5]"
804,O Win,O,8,False,"(1, 4, 7)","[9, 2, 1, 5, 3, 4, 7, 8]"
805,O Win,O,8,False,"(2, 5, 8)","[1, 3, 7, 9, 5, 2, 8, 6]"
806,O Win,O,8,False,"(2, 4, 6)","[4, 7, 2, 3, 6, 8, 9, 5]"
807,X Win,X,9,False,"(0, 4, 8)","[8, 2, 4, 3, 5, 7, 1, 6, 9]"
808,X Win,X,5,False,"(3, 4, 5)","[4, 7, 6, 3, 5]"
809,X Win,X,9,False,"(2, 4, 6)","[3, 6, 7, 2, 4, 1, 8, 9, 5]"
810,X Win,X,5,False,"(0, 1, 2)","[1, 4, 2, 7, 3]"
811,X Win,X,7,False,"(0, 3, 6)","[2, 8, 1, 3, 7, 9, 4]"
812,O Win,O,8,False,"(3, 4, 5)","[8, 6, 3, 4, 2, 1, 7, 5]"
813,O Win,O,8,False,"(2, 5, 8)","[2, 9, 1, 6, 5, 8, 4, 3]"
814,X Win,X,9,False,"(1, 4, 7)","[4, 3, 9, 7, 5, 6, 2, 1, 8]"
815,O Win,O,8,False,"(6, 7, 8)","[6, 9, 4, 1, 2, 8, 3, 7]"
816,O Win,O,8,False,"(0, 4, 8)","[8, 9, 7, 2, 4, 5, 6, 1]"
817,X Win,X,5,False,"(0, 4, 8)","[9, 2, 5, 8, 1]"
818,X Win,X,7,False,"(2, 5, 8)","[6, 2, 9, 4, 8, 7, 3]"
819,X Win,X,9,False,"(0, 4, 8)","[7, 4, 6, 2, 9, 3, 5, 8, 1]"
820,Draw,None,9,True,None,"[6, 4, 9, 8, 7, 5, 2, 3, 1]"
821,X Win,X,9,False,"(0, 3, 6)","[3, 2, 8, 9, 7, 6, 1, 5, 4]"
822,X Win,X,9,False,"(6, 7, 8)","[9, 2, 8, 5, 3, 6, 4, 1, 7]"
823,X Win,X,5,False,"(0, 3, 6)","[7, 6, 4, 9, 1]"
824,X Win,X,9,False,"(6, 7, 8)","[2, 5, 9, 3, 8, 1, 4, 6, 7]"
825,Draw,None,9,True,None,"[9, 5, 4, 7, 8, 6, 1, 2, 3]"
826,X Win,X,9,False,"(2, 4, 6)","[5, 6, 4, 9, 3, 1, 8, 2, 7]"
827,O Win,O,8,False,"(1, 4, 7)","[3, 6, 1, 5, 9, 2, 4, 8]"
828,Draw,None,9,True,None,"[2, 6, 9, 1, 4, 8, 7, 5, 3]"
829,O Win,O,6,False,"(1, 4, 7)","[7, 8, 4, 5, 9, 2]"
830,X Win,X,7,False,"(1, 4, 7)","[3, 9, 2, 4, 8, 7, 5]"
831,X Win,X,7,False,"(0, 3, 6)","[7, 3, 4, 9, 2, 5, 1]"
832,O Win,O,8,False,"(0, 4, 8)","[2, 1, 4, 9, 7, 8, 3, 5]"
833,Draw,None,9,True,None,"[3, 8, 9, 5, 7, 6, 4, 1, 2]"
834,X Win,X,7,False,"(0, 4, 8)","[9, 7, 5, 4, 6, 3, 1]"
835,X Win,X,5,False,"(2, 5, 8)","[3, 8, 6, 1, 9]"
836,X Win,X,7,False,"(2, 4, 6)","[8, 4, 7, 6, 3, 9, 5]"
837,O Win,O,8,False,"(0, 4, 8)","[6, 1, 2, 8, 7, 5, 3, 9]"
838,O Win,O,8,False,"(0, 4, 8)","[2, 4, 8, 9, 7, 5, 3, 1]"
839,X Win,X,9,False,"(0, 4, 8)","[9, 2, 3, 6, 1, 7, 8, 4, 5]"
840,X Win,X,9,False,"(1, 4, 7)","[9, 1, 5, 6, 8, 7, 4, 3, 2]"
841,O Win,O,6,False,"(1, 4, 7)","[6, 5, 3, 2, 1, 8]"
842,X Win,X,7,False,"(6, 7, 8)","[5, 1, 8, 6, 9, 3, 7]"
843,X Win,X,7,False,"(0, 3, 6)","[1, 6, 9, 8, 7, 2, 4]"
844,X Win,X,9,False,"(0, 4, 8)","[8, 2, 3, 7, 1, 6, 5, 4, 9]"
845,X Win,X,7,False,"(1, 4, 7)","[5, 6, 1, 9, 2, 4, 8]"
846,O Win,O,8,False,"(0, 4, 8)","[3, 9, 4, 2, 6, 5, 7, 1]"
847,X Win,X,9,False,"(2, 4, 6)","[9, 1, 4, 2, 5, 6, 7, 8, 3]"
848,X Win,X,9,False,"(0, 3, 6)","[4, 9, 7, 8, 2, 3, 6, 5, 1]"
849,Draw,None,9,True,None,"[5, 2, 1, 4, 8, 9, 6, 7, 3]"
850,O Win,O,8,False,"(0, 3, 6)","[9, 4, 5, 8, 6, 7, 2, 1]"
851,X Win,X,7,False,"(0, 4, 8)","[9, 7, 1, 4, 6, 8, 5]"
852,X Win,X,9,False,"(2, 4, 6)","[6, 1, 2, 8, 5, 9, 7, 4, 3]"
853,X Win,X,9,False,"(2, 4, 6)","[5, 6, 9, 1, 4, 8, 3, 2, 7]"
854,X Win,X,9,False,"(2, 4, 6)","[9, 6, 7, 8, 2, 4, 5, 1, 3]"
855,O Win,O,8,False,"(0, 3, 6)","[2, 1, 6, 3, 9, 4, 8, 7]"
856,X Win,X,9,False,"(0, 4, 8)","[6, 4, 8, 3, 5, 2, 1, 7, 9]"
857,X Win,X,7,False,"(0, 3, 6)","[1, 5, 7, 9, 2, 3, 4]"
858,X Win,X,9,False,"(2, 4, 6)","[3, 8, 7, 9, 6, 2, 1, 4, 5]"
859,X Win,X,7,False,"(2, 4, 6)","[5, 9, 7, 1, 6, 4, 3]"
860,O Win,O,8,False,"(0, 4, 8)","[6, 5, 2, 1, 7, 3, 8, 9]"
861,O Win,O,6,False,"(0, 4, 8)","[6, 1, 4, 5, 3, 9]"
862,X Win,X,9,False,"(0, 1, 2)","[2, 9, 3, 7, 6, 4, 8, 5, 1]"
863,X Win,X,5,False,"(0, 1, 2)","[3, 8, 2, 7, 1]"
864,X Win,X,9,False,"(2, 5, 8)","[8, 5, 1, 2, 3, 4, 9, 7, 6]"
865,X Win,X,5,False,"(0, 1, 2)","[1, 9, 3, 8, 2]"
866,X Win,X,7,False,"(0, 3, 6)","[1, 8, 4, 3, 6, 9, 7]"
867,O Win,O,8,False,"(2, 5, 8)","[1, 9, 5, 6, 7, 2, 8, 3]"
868,X Win,X,7,False,"(0, 3, 6)","[1, 8, 7, 5, 2, 6, 4]"
869,X Win,X,9,False,"(0, 1, 2)","[5, 8, 1, 9, 2, 6, 7, 4, 3]"
870,X Win,X,9,False,"(6, 7, 8)","[8, 5, 7, 2, 3, 1, 6, 4, 9]"
871,X Win,X,7,False,"(0, 3, 6)","[7, 2, 8, 9, 4, 6, 1]"
872,X Win,X,5,False,"(1, 4, 7)","[8, 4, 2, 1, 5]"
873,O Win,O,8,False,"(6, 7, 8)","[1, 5, 6, 7, 2, 8, 4, 9]"
874,X Win,X,9,False,"(6, 7, 8)","[1, 2, 5, 3, 7, 4, 8, 6, 9]"
875,Draw,None,9,True,None,"[9, 8, 6, 5, 2, 3, 1, 4, 7]"
876,X Win,X,5,False,"(1, 4, 7)","[8, 1, 5, 7, 2]"
877,X Win,X,9,False,"(0, 3, 6)","[4, 3, 1, 5, 2, 8, 6, 9, 7]"
878,O Win,O,6,False,"(2, 4, 6)","[2, 3, 1, 7, 9, 5]"
879,O Win,O,8,False,"(2, 4, 6)","[2, 5, 6, 4, 8, 7, 1, 3]"
880,O Win,O,8,False,"(0, 1, 2)","[6, 4, 9, 1, 8, 3, 5, 2]"
881,Draw,None,9,True,None,"[2, 6, 3, 7, 4, 8, 9, 1, 5]"
882,X Win,X,9,False,"(2, 4, 6)","[4, 1, 3, 2, 9, 8, 5, 6, 7]"
883,O Win,O,8,False,"(0, 4, 8)","[2, 1, 3, 5, 4, 8, 7, 9]"
884,O Win,O,8,False,"(0, 4, 8)","[3, 5, 2, 9, 6, 8, 4, 1]"
885,X Win,X,7,False,"(6, 7, 8)","[3, 1, 7, 4, 8, 2, 9]"
886,X Win,X,9,False,"(1, 4, 7)","[5, 7, 4, 1, 9, 3, 2, 6, 8]"
887,X Win,X,9,False,"(1, 4, 7)","[6, 4, 5, 9, 2, 7, 1, 3, 8]"
888,X Win,X,7,False,"(3, 4, 5)","[3, 9, 5, 2, 4, 1, 6]"
889,O Win,O,8,False,"(2, 4, 6)","[6, 5, 2, 7, 4, 8, 9, 3]"
890,X Win,X,9,False,"(6, 7, 8)","[1, 3, 8, 2, 9, 5, 4, 6, 7]"
891,X Win,X,7,False,"(0, 4, 8)","[9, 2, 1, 4, 7, 6, 5]"
892,X Win,X,9,False,"(2, 5, 8)","[4, 7, 2, 1, 6, 5, 3, 8, 9]"
893,X Win,X,9,False,"(2, 4, 6)","[4, 8, 2, 1, 7, 9, 3, 6, 5]"
894,O Win,O,6,False,"(2, 5, 8)","[4, 9, 2, 6, 5, 3]"
895,O Win,O,8,False,"(0, 1, 2)","[8, 4, 7, 3, 5, 2, 6, 1]"
896,X Win,X,7,False,"(2, 4, 6)","[1, 2, 5, 4, 3, 9, 7]"
897,X Win,X,7,False,"(6, 7, 8)","[7, 3, 9, 4, 2, 6, 8]"
898,X Win,X,9,False,"(2, 4, 6)","[3, 4, 7, 8, 2, 1, 6, 9, 5]"
899,O Win,O,8,False,"(0, 3, 6)","[8, 9, 3, 1, 6, 4, 2, 7]"
900,O Win,O,8,False,"(0, 1, 2)","[7, 4, 6, 2, 9, 1, 5, 3]"
901,X Win,X,9,False,"(0, 1, 2)","[1, 9, 7, 6, 2, 8, 5, 4, 3]"
902,X Win,X,7,False,"(1, 4, 7)","[2, 9, 5, 3, 1, 4, 8]"
903,X Win,X,9,False,"(6, 7, 8)","[7, 4, 2, 5, 6, 3, 9, 1, 8]"
904,O Win,O,6,False,"(0, 4, 8)","[8, 5, 2, 9, 6, 1]"
905,O Win,O,8,False,"(2, 5, 8)","[8, 9, 7, 2, 5, 3, 4, 6]"
906,X Win,X,9,False,"(3, 4, 5)","[1, 3, 6, 9, 5, 2, 7, 8, 4]"
907,X Win,X,9,False,"(2, 5, 8)","[9, 4, 8, 7, 1, 5, 6, 2, 3]"
908,X Win,X,9,False,"(0, 3, 6)","[1, 3, 6, 5, 8, 2, 7, 9, 4]"
909,X Win,X,5,False,"(2, 5, 8)","[9, 2, 6, 8, 3]"
910,X Win,X,5,False,"(0, 1, 2)","[3, 7, 2, 8, 1]"
911,O Win,O,8,False,"(3, 4, 5)","[8, 4, 9, 7, 2, 5, 3, 6]"
912,Draw,None,9,True,None,"[9, 7, 3, 1, 2, 6, 5, 8, 4]"
913,X Win,X,7,False,"(2, 4, 6)","[9, 2, 5, 8, 7, 4, 3]"
914,X Win,X,9,False,"(2, 5, 8)","[6, 2, 3, 7, 1, 4, 8, 5, 9]"
915,O Win,O,8,False,"(2, 4, 6)","[2, 3, 4, 6, 1, 7, 8, 5]"
916,X Win,X,7,False,"(3, 4, 5)","[4, 1, 5, 7, 9, 3, 6]"
917,X Win,X,9,False,"(0, 3, 6)","[6, 8, 4, 9, 1, 5, 2, 3, 7]"
918,O Win,O,8,False,"(6, 7, 8)","[4, 7, 5, 8, 3, 6, 2, 9]"
919,O Win,O,8,False,"(0, 1, 2)","[8, 5, 6, 2, 4, 3, 7, 1]"
920,X Win,X,9,False,"(1, 4, 7)","[8, 6, 3, 1, 4, 7, 5, 9, 2]"
921,X Win,X,7,False,"(0, 1, 2)","[3, 6, 2, 4, 5, 7, 1]"
922,X Win,X,7,False,"(3, 4, 5)","[2, 1, 5, 8, 4, 9, 6]"
923,X Win,X,9,False,"(0, 4, 8)","[6, 3, 2, 8, 1, 7, 5, 4, 9]"
924,Draw,None,9,True,None,"[8, 3, 6, 4, 1, 2, 7, 9, 5]"
925,X Win,X,7,False,"(6, 7, 8)","[8, 6, 2, 1, 9, 5, 7]"
926,O Win,O,6,False,"(6, 7, 8)","[5, 9, 3, 7, 2, 8]"
927,X Win,X,9,False,"(6, 7, 8)","[6, 2, 8, 5, 1, 4, 9, 3, 7]"
928,X Win,X,9,False,"(0, 3, 6)","[1, 8, 6, 3, 7, 5, 2, 9, 4]"
929,Draw,None,9,True,None,"[4, 5, 9, 3, 2, 1, 6, 8, 7]"
930,Draw,None,9,True,None,"[9, 7, 2, 5, 4, 1, 8, 6, 3]"
931,X Win,X,7,False,"(2, 4, 6)","[3, 8, 4, 6, 5, 1, 7]"
932,X Win,X,5,False,"(2, 5, 8)","[6, 7, 3, 5, 9]"
933,O Win,O,8,False,"(0, 4, 8)","[2, 5, 8, 6, 7, 9, 3, 1]"
934,X Win,X,9,False,"(2, 4, 6)","[7, 8, 2, 6, 9, 1, 3, 4, 5]"
935,Draw,None,9,True,None,"[8, 6, 1, 7, 5, 2, 3, 9, 4]"
936,X Win,X,9,False,"(6, 7, 8)","[7, 3, 6, 5, 9, 2, 1, 4, 8]"
937,X Win,X,9,False,"(0, 1, 2)","[5, 9, 1, 4, 8, 6, 3, 7, 2]"
938,X Win,X,5,False,"(0, 3, 6)","[1, 2, 4, 6, 7]"
939,X Win,X,7,False,"(0, 3, 6)","[8, 2, 7, 9, 4, 6, 1]"
940,Draw,None,9,True,None,"[8, 4, 1, 2, 6, 9, 3, 7, 5]"
941,O Win,O,6,False,"(0, 4, 8)","[7, 5, 8, 9, 4, 1]"
942,X Win,X,5,False,"(2, 5, 8)","[6, 1, 9, 4, 3]"
943,X Win,X,7,False,"(0, 1, 2)","[1, 4, 5, 7, 3, 8, 2]"
944,Draw,None,9,True,None,"[1, 6, 4, 7, 5, 2, 8, 9, 3]"
945,O Win,O,6,False,"(0, 3, 6)","[9, 4, 8, 7, 2, 1]"
946,X Win,X,9,False,"(0, 4, 8)","[3, 7, 9, 4, 5, 6, 8, 2, 1]"
947,X Win,X,7,False,"(6, 7, 8)","[9, 6, 8, 2, 1, 4, 7]"
948,X Win,X,7,False,"(0, 4, 8)","[5, 7, 9, 4, 6, 3, 1]"
949,Draw,None,9,True,None,"[2, 5, 3, 8, 4, 6, 9, 1, 7]"
950,Draw,None,9,True,None,"[8, 2, 1, 4, 3, 9, 6, 7, 5]"
951,Draw,None,9,True,None,"[3, 9, 6, 7, 4, 2, 8, 5, 1]"
952,O Win,O,8,False,"(0, 4, 8)","[2, 5, 3, 9, 4, 6, 7, 1]"
953,O Win,O,6,False,"(2, 4, 6)","[4, 3, 1, 7, 2, 5]"
954,X Win,X,7,False,"(0, 1, 2)","[1, 9, 8, 5, 2, 4, 3]"
955,Draw,None,9,True,None,"[1, 2, 6, 3, 7, 4, 5, 9, 8]"
956,Draw,None,9,True,None,"[2, 3, 7, 4, 9, 5, 1, 8, 6]"
957,X Win,X,9,False,"(2, 4, 6)","[2, 4, 9, 8, 5, 6, 3, 1, 7]"
958,X Win,X,9,False,"(2, 5, 8)","[9, 2, 1, 7, 3, 5, 8, 4, 6]"
959,X Win,X,9,False,"(2, 4, 6)","[3, 1, 8, 2, 5, 9, 6, 4, 7]"
960,Draw,None,9,True,None,"[2, 4, 9, 5, 7, 8, 1, 3, 6]"
961,X Win,X,5,False,"(0, 1, 2)","[2, 7, 1, 6, 3]"
962,Draw,None,9,True,None,"[9, 3, 5, 4, 6, 1, 2, 8, 7]"
963,X Win,X,9,False,"(0, 3, 6)","[2, 8, 4, 6, 9, 5, 7, 3, 1]"
964,X Win,X,7,False,"(2, 5, 8)","[9, 7, 3, 5, 2, 1, 6]"
965,X Win,X,9,False,"(3, 4, 5)","[6, 3, 1, 9, 7, 2, 5, 8, 4]"
966,O Win,O,6,False,"(0, 3, 6)","[2, 4, 6, 7, 9, 1]"
967,X Win,X,5,False,"(2, 4, 6)","[3, 2, 5, 4, 7]"
968,X Win,X,5,False,"(0, 3, 6)","[4, 8, 1, 3, 7]"
969,O Win,O,6,False,"(2, 4, 6)","[8, 5, 9, 7, 6, 3]"
970,O Win,O,8,False,"(2, 5, 8)","[7, 6, 4, 9, 8, 5, 2, 3]"
971,X Win,X,9,False,"(2, 4, 6)","[3, 9, 1, 2, 6, 8, 5, 4, 7]"
972,X Win,X,7,False,"(0, 3, 6)","[1, 3, 8, 2, 4, 9, 7]"
973,X Win,X,9,False,"(0, 4, 8)","[1, 4, 6, 8, 5, 3, 7, 2, 9]"
974,Draw,None,9,True,None,"[9, 8, 7, 4, 2, 5, 6, 3, 1]"
975,O Win,O,8,False,"(2, 4, 6)","[9, 5, 6, 3, 8, 1, 2, 7]"
976,X Win,X,7,False,"(2, 4, 6)","[2, 8, 5, 4, 7, 9, 3]"
977,O Win,O,6,False,"(1, 4, 7)","[1, 2, 4, 8, 6, 5]"
978,X Win,X,9,False,"(0, 1, 2)","[8, 7, 2, 4, 6, 9, 1, 5, 3]"
979,O Win,O,8,False,"(0, 4, 8)","[8, 3, 6, 1, 7, 5, 4, 9]"
980,O Win,O,8,False,"(0, 4, 8)","[6, 5, 3, 1, 2, 4, 7, 9]"
981,X Win,X,9,False,"(2, 5, 8)","[6, 1, 9, 8, 4, 7, 2, 5, 3]"
982,O Win,O,8,False,"(0, 4, 8)","[6, 8, 3, 1, 4, 5, 2, 9]"
983,O Win,O,6,False,"(2, 4, 6)","[2, 3, 9, 5, 1, 7]"
984,O Win,O,6,False,"(0, 4, 8)","[3, 1, 7, 5, 2, 9]"
985,X Win,X,7,False,"(2, 4, 6)","[7, 8, 3, 1, 6, 2, 5]"
986,X Win,X,7,False,"(0, 1, 2)","[7, 8, 3, 6, 1, 9, 2]"
987,X Win,X,9,False,"(0, 4, 8)","[4, 7, 5, 8, 3, 2, 9, 6, 1]"
988,Draw,None,9,True,None,"[7, 4, 5, 9, 1, 3, 6, 8, 2]"
989,O Win,O,8,False,"(0, 1, 2)","[5, 8, 9, 2, 7, 1, 6, 3]"
990,X Win,X,7,False,"(2, 5, 8)","[6, 5, 1, 8, 9, 7, 3]"
991,Draw,None,9,True,None,"[4, 7, 9, 1, 5, 6, 3, 8, 2]"
992,Draw,None,9,True,None,"[7, 8, 3, 6, 9, 5, 4, 1, 2]"
993,O Win,O,8,False,"(2, 4, 6)","[9, 3, 6, 5, 2, 8, 4, 7]"
994,X Win,X,7,False,"(0, 1, 2)","[1, 5, 4, 7, 3, 6, 2]"
995,X Win,X,7,False,"(0, 3, 6)","[5, 8, 4, 3, 1, 6, 7]"
996,O Win,O,8,False,"(0, 1, 2)","[5, 6, 8, 2, 4, 3, 7, 1]"
997,X Win,X,9,False,"(2, 4, 6)","[2, 4, 3, 1, 6, 8, 7, 9, 5]"
998,O Win,O,8,False,"(0, 4, 8)","[7, 1, 3, 4, 6, 5, 2, 9]"
999,O Win,O,6,False,"(0, 1, 2)","[5, 3, 8, 1, 7, 2]"
1000,X Win,X,9,False,"(3, 4, 5)","[1, 3, 5, 8, 6, 2, 7, 9, 4]"
